{
    "bbox_annotations": {
        "bboxes_as_x1y1x2y2": [
            [
                408.0805969238281,
                696.5,
                978.0824279785156,
                1666.5372314453127
            ],
            [
                43.87133026123047,
                125.44982147216797,
                321.01415252685547,
                613.1577682495117
            ],
            [
                1085.5601806640625,
                938.584228515625,
                1293.617431640625,
                1044.4949951171875
            ],
            [
                85.75,
                1869,
                1268.75,
                2007.25
            ],
            [
                1023.3050537109375,
                292.1082763671875,
                1230.349853515625,
                393.9161682128906
            ],
            [
                40.13835144042969,
                875.7725219726562,
                323.59654235839844,
                1114.33935546875
            ],
            [
                813.941162109375,
                1250.186767578125,
                1125.2540283203125,
                1312.954833984375
            ],
            [
                364,
                134.75,
                465.5,
                309.75
            ],
            [
                448,
                185.5,
                535.5,
                334.25
            ],
            [
                3.5,
                1314.25,
                1398.25,
                2098.25
            ]
        ],
        "labels": [
            0,
            1,
            1,
            1,
            1,
            1,
            1,
            1,
            1,
            1
        ],
        "image_id": 711
    },
    "character_clusters": [
        0
    ],
    "text_to_character_matches": [
        [
            3,
            0
        ],
        [
            1,
            0
        ],
        [
            4,
            0
        ]
    ]
}