{
    "panels": [
        [
            25.631040573120117,
            0.040090084075927734,
            834.3958129882812,
            778.8969116210938
        ],
        [
            429.0425109863281,
            794.674560546875,
            839.073486328125,
            1200.7958984375
        ],
        [
            26.85175132751465,
            776.7523803710938,
            438.4721374511719,
            1187.139892578125
        ]
    ],
    "texts": [
        [
            695.45361328125,
            806.3372802734375,
            787.30419921875,
            981.0755004882812
        ],
        [
            93.55706024169922,
            932.0429077148438,
            363.73565673828125,
            1072.7489013671875
        ],
        [
            70.50740814208984,
            1154.2025146484375,
            396.8984680175781,
            1189.3115234375
        ]
    ],
    "characters": [
        [
            438.6999206542969,
            869.6171264648438,
            640.7427978515625,
            1195.265625
        ],
        [
            238.5131072998047,
            588.1299438476562,
            460.32940673828125,
            782.6194458007812
        ],
        [
            603.01708984375,
            998.7445678710938,
            782.0930786132812,
            1196.6517333984375
        ],
        [
            151.20980834960938,
            19.39258575439453,
            832.7353515625,
            761.27685546875
        ]
    ],
    "tails": [],
    "text_character_associations": [
        [
            0,
            0
        ]
    ],
    "text_tail_associations": [],
    "character_cluster_labels": [
        0,
        0,
        1,
        2
    ],
    "is_essential_text": [
        false,
        true,
        false
    ],
    "ocr": [
        "!!?!!",
        "It's futile! Because Destiny isn't that simple. Isn't that right, sinbad?",
        "destruction inches closer. Countless difficulties are up ahead."
    ],
    "character_names": [
        "Other",
        "Other",
        "Other",
        "ren"
    ]
}