{
    "panels": [
        [
            379.3172607421875,
            -6.685423851013184,
            730.6170043945312,
            1191.9305419921875
        ],
        [
            24.72162437438965,
            -1.4209985733032227,
            385.7479248046875,
            615.0579833984375
        ],
        [
            263.54034423828125,
            624.4683227539062,
            383.1845703125,
            852.9873657226562
        ],
        [
            23.4030704498291,
            622.63720703125,
            263.7382507324219,
            852.0618896484375
        ],
        [
            24.361045837402344,
            857.3226928710938,
            383.2783508300781,
            1194.08740234375
        ]
    ],
    "texts": [
        [
            442.4700927734375,
            609.6249389648438,
            520.311767578125,
            650.4042358398438
        ],
        [
            205.24412536621094,
            59.91668701171875,
            378.7798767089844,
            211.4777374267578
        ],
        [
            208.9380645751953,
            59.672035217285156,
            377.68341064453125,
            124.25000762939453
        ],
        [
            213.51229858398438,
            135.0572052001953,
            374.48052978515625,
            209.4596710205078
        ],
        [
            40.22510528564453,
            421.8218688964844,
            93.56092071533203,
            506.61376953125
        ],
        [
            38.9144172668457,
            712.048828125,
            119.41039276123047,
            770.2301635742188
        ],
        [
            305.003173828125,
            958.436767578125,
            379.59344482421875,
            996.6565551757812
        ]
    ],
    "characters": [
        [
            513.5742797851562,
            674.8796997070312,
            705.333740234375,
            884.0951538085938
        ],
        [
            603.8042602539062,
            619.84130859375,
            665.9743041992188,
            732.9993896484375
        ],
        [
            85.87874603271484,
            627.270751953125,
            260.3756103515625,
            846.1221313476562
        ],
        [
            51.83662033081055,
            289.27099609375,
            377.9413757324219,
            604.749267578125
        ],
        [
            29.200786590576172,
            867.8544311523438,
            379.68817138671875,
            1197.07763671875
        ],
        [
            134.367431640625,
            286.8991394042969,
            378.3907165527344,
            606.7544555664062
        ],
        [
            268.7187194824219,
            676.673583984375,
            374.65869140625,
            843.7305297851562
        ],
        [
            34.03440475463867,
            125.49018096923828,
            161.3336639404297,
            282.5534362792969
        ]
    ],
    "tails": [
        [
            528.322265625,
            635.3423461914062,
            603.6914672851562,
            672.3003540039062
        ],
        [
            205.69796752929688,
            262.8726806640625,
            237.4804229736328,
            312.96441650390625
        ],
        [
            103.10816192626953,
            803.7216186523438,
            159.5191650390625,
            847.9597778320312
        ],
        [
            75.9358139038086,
            333.72894287109375,
            106.97323608398438,
            389.68389892578125
        ]
    ],
    "text_character_associations": [
        [
            0,
            1
        ],
        [
            1,
            3
        ],
        [
            2,
            3
        ],
        [
            3,
            5
        ],
        [
            4,
            3
        ],
        [
            5,
            2
        ],
        [
            6,
            4
        ]
    ],
    "text_tail_associations": [
        [
            0,
            0
        ],
        [
            1,
            1
        ],
        [
            2,
            1
        ],
        [
            3,
            1
        ],
        [
            4,
            3
        ],
        [
            5,
            2
        ]
    ],
    "character_cluster_labels": [
        0,
        1,
        2,
        3,
        0,
        4,
        0,
        0
    ],
    "is_essential_text": [
        true,
        true,
        true,
        true,
        true,
        true,
        true
    ],
    "ocr": [
        "How stupid!",
        "What's the purpose behi- ND his actions? I don't get it... He truly seems to be going crazy, right?",
        "What's the purpose behi- nd his actions?",
        "i don't get it... he truly seems to be going crazy, right?",
        ".........",
        "Is he going crazy?",
        "Really?!"
    ],
    "character_names": [
        "ren",
        "alibaba",
        "alibaba",
        "Other",
        "ren",
        "Other",
        "ren",
        "ren"
    ]
}