{
    "panels": [
        [
            -0.5844500064849854,
            0.24139881134033203,
            804.4896240234375,
            308.0099792480469
        ],
        [
            61.496856689453125,
            316.9825744628906,
            804.152587890625,
            1180.3236083984375
        ],
        [
            72.79096221923828,
            829.2996826171875,
            373.49603271484375,
            1141.7940673828125
        ]
    ],
    "texts": [
        [
            633.3001708984375,
            143.41468811035156,
            779.0882568359375,
            180.0347442626953
        ],
        [
            464.4544677734375,
            503.0321044921875,
            538.3866577148438,
            567.5164794921875
        ],
        [
            696.02783203125,
            847.0147094726562,
            745.3561401367188,
            900.8225708007812
        ],
        [
            625.316650390625,
            989.5284423828125,
            694.1417236328125,
            1088.1744384765625
        ]
    ],
    "characters": [
        [
            22.699670791625977,
            -0.9251832962036133,
            638.0110473632812,
            305.34649658203125
        ],
        [
            389.47357177734375,
            1047.508056640625,
            447.49151611328125,
            1119.9053955078125
        ],
        [
            487.2742004394531,
            1045.1060791015625,
            521.1445922851562,
            1089.685791015625
        ],
        [
            75.29222106933594,
            894.6758422851562,
            312.6499328613281,
            1133.6864013671875
        ]
    ],
    "tails": [
        [
            576.287109375,
            1103.75634765625,
            622.9124145507812,
            1137.9986572265625
        ],
        [
            654.3632202148438,
            838.2352905273438,
            694.1841430664062,
            885.5546264648438
        ]
    ],
    "text_character_associations": [
        [
            0,
            0
        ],
        [
            2,
            2
        ],
        [
            3,
            1
        ]
    ],
    "text_tail_associations": [
        [
            2,
            1
        ],
        [
            3,
            0
        ]
    ],
    "character_cluster_labels": [
        0,
        1,
        2,
        3
    ],
    "is_essential_text": [
        true,
        false,
        true,
        true
    ],
    "ocr": [
        "What?!",
        "-!!",
        "He mis- seed!",
        "This idiot, where is he aiming ?!"
    ],
    "character_names": [
        "ren",
        "Other",
        "Other",
        "Other"
    ]
}