{
    "panels": [
        [
            -3.5419464111328125,
            -7.868679523468018,
            1595.5411376953125,
            725.3058471679688
        ],
        [
            795.3991088867188,
            733.4620971679688,
            1599.5506591796875,
            1145.751953125
        ],
        [
            11.568427085876465,
            730.2096557617188,
            740.7120971679688,
            1146.0379638671875
        ]
    ],
    "texts": [
        [
            1246.8927001953125,
            534.8148803710938,
            1329.984130859375,
            596.1047973632812
        ],
        [
            658.9188842773438,
            570.5362548828125,
            724.9251098632812,
            611.0984497070312
        ],
        [
            77.18274688720703,
            539.2379760742188,
            143.63568115234375,
            634.7667846679688
        ],
        [
            1434.1524658203125,
            910.8323364257812,
            1570.6632080078125,
            1045.567626953125
        ]
    ],
    "characters": [
        [
            953.1643676757812,
            807.2283325195312,
            1102.8583984375,
            1088.4150390625
        ],
        [
            891.810791015625,
            769.7242431640625,
            1123.1290283203125,
            1144.94189453125
        ],
        [
            536.8017578125,
            812.0100708007812,
            704.6952514648438,
            951.0509643554688
        ],
        [
            386.3764343261719,
            391.349853515625,
            458.5564270019531,
            470.8903503417969
        ],
        [
            833.5735473632812,
            757.942626953125,
            1115.5338134765625,
            1147.1090087890625
        ],
        [
            424.19696044921875,
            584.25390625,
            507.87005615234375,
            683.4179077148438
        ],
        [
            1119.7255859375,
            741.5630493164062,
            1402.0653076171875,
            1146.7615966796875
        ],
        [
            319.7683410644531,
            497.5711669921875,
            386.85394287109375,
            575.2152709960938
        ],
        [
            -2.623793601989746,
            426.75323486328125,
            74.12564849853516,
            703.9456176757812
        ],
        [
            828.3274536132812,
            744.3527221679688,
            1442.9898681640625,
            1147.1961669921875
        ],
        [
            154.6644744873047,
            477.2833557128906,
            307.2247619628906,
            674.8221435546875
        ],
        [
            331.70147705078125,
            292.36572265625,
            392.744384765625,
            376.6358947753906
        ],
        [
            887.0508422851562,
            457.58154296875,
            1153.978759765625,
            706.7363891601562
        ],
        [
            1140.70556640625,
            560.5384521484375,
            1299.23583984375,
            682.5195922851562
        ],
        [
            388.1697998046875,
            281.3659973144531,
            470.4959411621094,
            373.745849609375
        ],
        [
            280.1235046386719,
            316.2549133300781,
            364.0252380371094,
            437.6960754394531
        ],
        [
            298.2825927734375,
            524.1176147460938,
            364.40631103515625,
            616.3497314453125
        ],
        [
            400.13421630859375,
            490.337646484375,
            460.4948425292969,
            561.4404296875
        ],
        [
            295.9389343261719,
            570.802978515625,
            373.4594421386719,
            673.818359375
        ],
        [
            354.7401123046875,
            511.2362060546875,
            455.6138916015625,
            659.4280395507812
        ],
        [
            297.7429504394531,
            504.08123779296875,
            361.4320068359375,
            588.533447265625
        ],
        [
            0.5112051963806152,
            450.8374938964844,
            50.79049301147461,
            697.0488891601562
        ],
        [
            966.4600219726562,
            744.2968139648438,
            1398.0035400390625,
            1143.7647705078125
        ],
        [
            616.2433471679688,
            952.9689331054688,
            739.441650390625,
            1145.6806640625
        ],
        [
            337.674560546875,
            288.83831787109375,
            393.5587463378906,
            370.98583984375
        ],
        [
            -0.6786510348320007,
            435.16229248046875,
            43.343807220458984,
            554.2335815429688
        ],
        [
            439.062255859375,
            947.7494506835938,
            633.4408569335938,
            1146.2374267578125
        ],
        [
            505.09686279296875,
            484.5724792480469,
            662.7181396484375,
            679.7627563476562
        ],
        [
            4.733800888061523,
            417.57470703125,
            93.12748718261719,
            516.21533203125
        ],
        [
            36.286712646484375,
            736.468017578125,
            508.4539489746094,
            1144.2193603515625
        ],
        [
            -0.2027168869972229,
            430.01519775390625,
            37.22360610961914,
            691.576416015625
        ]
    ],
    "tails": [
        [
            1193.89599609375,
            566.9623413085938,
            1249.2974853515625,
            611.2913208007812
        ],
        [
            126.02426147460938,
            634.2904052734375,
            176.01002502441406,
            678.47802734375
        ]
    ],
    "text_character_associations": [
        [
            0,
            12
        ],
        [
            1,
            27
        ],
        [
            2,
            10
        ],
        [
            3,
            22
        ]
    ],
    "text_tail_associations": [
        [
            0,
            0
        ],
        [
            2,
            1
        ]
    ],
    "character_cluster_labels": [
        0,
        1,
        2,
        3,
        4,
        5,
        6,
        7,
        8,
        9,
        10,
        11,
        12,
        13,
        14,
        15,
        16,
        17,
        18,
        19,
        20,
        21,
        22,
        23,
        24,
        25,
        26,
        27,
        28,
        29,
        30
    ],
    "is_essential_text": [
        true,
        true,
        true,
        true
    ],
    "ocr": [
        "What flames ....!!",
        "Come ....!!",
        "Stay back, your Maje- sty.",
        "Extreme Magic: Amol Al Bador Saiga\"!!!"
    ],
    "character_names": [
        "alibaba",
        "Other",
        "ren",
        "Other",
        "Other",
        "Other",
        "Other",
        "Other",
        "Other",
        "alibaba",
        "Other",
        "Other",
        "Other",
        "Other",
        "Other",
        "alibaba",
        "Other",
        "Other",
        "Other",
        "ren",
        "Other",
        "Other",
        "Other",
        "Other",
        "Other",
        "Other",
        "Other",
        "Other",
        "Other",
        "ren",
        "Other"
    ]
}