{
    "panels": [
        [
            1.6573306322097778,
            3.7889866828918457,
            824.1632690429688,
            289.47161865234375
        ],
        [
            0.9547569155693054,
            289.3388977050781,
            809.0897216796875,
            711.7443237304688
        ],
        [
            379.4837646484375,
            713.638427734375,
            818.3651123046875,
            906.566162109375
        ],
        [
            380.1068115234375,
            725.1487426757812,
            494.97174072265625,
            879.883544921875
        ],
        [
            419.11688232421875,
            879.613037109375,
            824.52783203125,
            1199.9652099609375
        ],
        [
            379.3815612792969,
            894.5645751953125,
            527.3082275390625,
            1197.6126708984375
        ],
        [
            -1.2516735792160034,
            726.6944580078125,
            381.51873779296875,
            1199.5767822265625
        ]
    ],
    "texts": [
        [
            657.6607666015625,
            118.53791046142578,
            787.0628662109375,
            180.69509887695312
        ],
        [
            629.6695556640625,
            840.0855712890625,
            779.591064453125,
            995.1753540039062
        ],
        [
            31.351642608642578,
            1085.749267578125,
            181.47509765625,
            1133.913330078125
        ]
    ],
    "characters": [
        [
            519.589599609375,
            898.1318359375,
            598.9783325195312,
            1033.755859375
        ],
        [
            459.55908203125,
            901.9375610351562,
            516.6376342773438,
            1006.162353515625
        ],
        [
            386.6288757324219,
            944.0029907226562,
            501.7348327636719,
            1196.73583984375
        ],
        [
            614.4776000976562,
            1071.7918701171875,
            679.908203125,
            1151.0198974609375
        ],
        [
            386.5699157714844,
            943.8055419921875,
            494.9493713378906,
            1097.739501953125
        ],
        [
            518.7828369140625,
            1022.389404296875,
            639.6759643554688,
            1200.582763671875
        ],
        [
            180.0097198486328,
            571.537841796875,
            334.55816650390625,
            699.9868774414062
        ],
        [
            3.525327444076538,
            337.07781982421875,
            349.2533874511719,
            701.0201416015625
        ],
        [
            449.0789794921875,
            898.4885864257812,
            518.6947631835938,
            1004.208251953125
        ],
        [
            493.2502746582031,
            733.3836059570312,
            596.31591796875,
            878.3348999023438
        ],
        [
            2.186676263809204,
            325.3495178222656,
            220.79629516601562,
            698.7984008789062
        ],
        [
            593.0578002929688,
            437.4602355957031,
            811.0375366210938,
            688.1290283203125
        ],
        [
            403.535400390625,
            1065.862548828125,
            515.08056640625,
            1198.94775390625
        ],
        [
            126.2081527709961,
            342.89080810546875,
            351.9750671386719,
            574.3901977539062
        ],
        [
            342.39849853515625,
            2.8050808906555176,
            638.587646484375,
            277.3232727050781
        ],
        [
            1.1289092302322388,
            732.4932861328125,
            380.0085144042969,
            1198.606201171875
        ],
        [
            382.3005676269531,
            732.1937255859375,
            489.7628479003906,
            876.5214233398438
        ]
    ],
    "tails": [
        [
            209.40567016601562,
            1128.3167724609375,
            273.2880554199219,
            1189.69091796875
        ],
        [
            585.632568359375,
            188.80059814453125,
            646.4320678710938,
            240.00479125976562
        ],
        [
            555.202392578125,
            616.5043334960938,
            643.2499389648438,
            736.1537475585938
        ]
    ],
    "text_character_associations": [
        [
            0,
            14
        ],
        [
            1,
            15
        ],
        [
            2,
            15
        ]
    ],
    "text_tail_associations": [
        [
            0,
            1
        ],
        [
            1,
            2
        ],
        [
            2,
            0
        ]
    ],
    "character_cluster_labels": [
        0,
        1,
        2,
        3,
        4,
        5,
        6,
        7,
        8,
        9,
        10,
        11,
        12,
        13,
        14,
        2,
        15
    ],
    "is_essential_text": [
        true,
        true,
        true
    ],
    "ocr": [
        "spirit of courtesy and rigor...",
        "You, who gives power to the King, Bring for- Ward the fire from hell that judges this earth!",
        "That's... it can't be..."
    ],
    "character_names": [
        "Other",
        "Other",
        "ren",
        "Other",
        "ren",
        "Other",
        "Other",
        "ren",
        "Other",
        "Other",
        "Other",
        "Other",
        "Other",
        "Other",
        "alibaba",
        "ren",
        "Other"
    ]
}