{
    "panels": [
        [
            395.1246643066406,
            -0.9279370307922363,
            813.369140625,
            801.573974609375
        ],
        [
            236.44662475585938,
            6.885936737060547,
            400.1600036621094,
            247.5925750732422
        ],
        [
            106.52434539794922,
            2.023682117462158,
            249.7276611328125,
            252.0957489013672
        ],
        [
            104.64427947998047,
            264.87799072265625,
            407.42681884765625,
            537.1393432617188
        ],
        [
            99.51630401611328,
            538.6201171875,
            402.7593078613281,
            797.29150390625
        ],
        [
            -0.16687893867492676,
            817.982421875,
            804.0550537109375,
            1200.3487548828125
        ]
    ],
    "texts": [
        [
            413.56396484375,
            116.36517333984375,
            580.7213745117188,
            260.7536926269531
        ],
        [
            349.6075439453125,
            646.966796875,
            391.84295654296875,
            710.28662109375
        ],
        [
            111.01541900634766,
            619.938232421875,
            194.74746704101562,
            683.2493896484375
        ],
        [
            603.53857421875,
            1002.0337524414062,
            795.8173828125,
            1070.0953369140625
        ]
    ],
    "characters": [
        [
            83.52722930908203,
            270.567626953125,
            400.8630065917969,
            530.4282836914062
        ],
        [
            1.5746116638183594,
            816.8302001953125,
            613.9713134765625,
            1199.4674072265625
        ],
        [
            124.83517456054688,
            282.573974609375,
            192.8843536376953,
            363.6349182128906
        ],
        [
            107.62776947021484,
            10.23429012298584,
            176.0690155029297,
            166.34912109375
        ],
        [
            158.46617126464844,
            2.938366651535034,
            203.74363708496094,
            58.90671157836914
        ],
        [
            520.13720703125,
            169.73626708984375,
            810.52734375,
            784.6182861328125
        ],
        [
            106.45808410644531,
            647.9893798828125,
            303.8015441894531,
            791.079833984375
        ],
        [
            132.4372100830078,
            364.36309814453125,
            193.40464782714844,
            427.8359069824219
        ],
        [
            245.6411895751953,
            -0.3673464059829712,
            403.46826171875,
            247.2756805419922
        ],
        [
            107.12100219726562,
            269.3626708984375,
            401.0571594238281,
            527.7562255859375
        ],
        [
            108.82215881347656,
            384.0238037109375,
            171.47274780273438,
            478.92529296875
        ],
        [
            198.07855224609375,
            550.9011840820312,
            318.9715576171875,
            682.0935668945312
        ],
        [
            527.6487426757812,
            500.4407653808594,
            585.3121948242188,
            572.5670776367188
        ],
        [
            171.08848571777344,
            305.64892578125,
            258.24676513671875,
            442.0877990722656
        ],
        [
            267.36138916015625,
            55.96728515625,
            401.7406921386719,
            245.48974609375
        ],
        [
            241.85736083984375,
            294.07586669921875,
            291.049072265625,
            357.2250671386719
        ],
        [
            742.6829223632812,
            0.3984421491622925,
            807.7100219726562,
            117.51119995117188
        ],
        [
            114.78754425048828,
            59.055850982666016,
            246.76681518554688,
            246.67660522460938
        ],
        [
            240.48439025878906,
            264.46942138671875,
            399.9568176269531,
            529.036376953125
        ],
        [
            116.50631713867188,
            287.8441467285156,
            188.21585083007812,
            374.18792724609375
        ]
    ],
    "tails": [
        [
            556.2669067382812,
            290.0156555175781,
            625.6441650390625,
            346.2943420410156
        ],
        [
            547.1539916992188,
            1116.206298828125,
            617.8877563476562,
            1162.5035400390625
        ]
    ],
    "text_character_associations": [
        [
            0,
            5
        ],
        [
            1,
            6
        ],
        [
            2,
            6
        ],
        [
            3,
            1
        ]
    ],
    "text_tail_associations": [
        [
            0,
            0
        ],
        [
            3,
            1
        ]
    ],
    "character_cluster_labels": [
        0,
        0,
        1,
        2,
        3,
        4,
        5,
        6,
        7,
        0,
        8,
        0,
        9,
        10,
        11,
        12,
        13,
        14,
        0,
        15
    ],
    "is_essential_text": [
        true,
        true,
        true,
        true
    ],
    "ocr": [
        "I see... so he's lea- ving everything to this final blow? Then go ahead and shoot when you want!!",
        "I've de- Ci-Ded.",
        "Huh? What did you de- Cide?!",
        "This is what you decided...?...?! Alibaba...?!"
    ],
    "character_names": [
        "ren",
        "ren",
        "Other",
        "Other",
        "Other",
        "ren",
        "alibaba",
        "ren",
        "Other",
        "ren",
        "Other",
        "ren",
        "Other",
        "Other",
        "Other",
        "Other",
        "Other",
        "Other",
        "ren",
        "Other"
    ]
}