{
    "panels": [
        [
            19.113393783569336,
            -1.4524519443511963,
            782.1319580078125,
            551.80615234375
        ],
        [
            463.81475830078125,
            572.1620483398438,
            753.2807006835938,
            1203.584228515625
        ],
        [
            22.397829055786133,
            576.0904541015625,
            459.66571044921875,
            827.9650268554688
        ],
        [
            23.275102615356445,
            829.6753540039062,
            465.9215087890625,
            1198.5869140625
        ]
    ],
    "texts": [
        [
            32.81964111328125,
            452.4288330078125,
            157.89071655273438,
            510.3734130859375
        ]
    ],
    "characters": [
        [
            468.7389221191406,
            730.8493041992188,
            514.9020385742188,
            823.7877807617188
        ],
        [
            387.0983581542969,
            161.31613159179688,
            495.7424621582031,
            291.3531188964844
        ],
        [
            80.0255126953125,
            580.1280517578125,
            449.0914611816406,
            818.4810180664062
        ],
        [
            28.06114387512207,
            579.23291015625,
            207.1371307373047,
            815.7635498046875
        ],
        [
            532.7560424804688,
            698.6845703125,
            617.7723388671875,
            885.4017944335938
        ],
        [
            497.47021484375,
            821.757080078125,
            754.7649536132812,
            1054.673828125
        ],
        [
            33.470787048339844,
            578.0609741210938,
            451.8348083496094,
            819.44580078125
        ],
        [
            34.39111328125,
            838.8322143554688,
            460.6453552246094,
            1027.4840087890625
        ],
        [
            473.7613220214844,
            803.69873046875,
            524.3086547851562,
            899.570068359375
        ],
        [
            187.59988403320312,
            954.2780151367188,
            334.4981994628906,
            1114.385498046875
        ],
        [
            29.75620460510254,
            976.9765625,
            59.05412292480469,
            1049.8502197265625
        ],
        [
            69.28890228271484,
            946.0330200195312,
            108.9259033203125,
            1018.845458984375
        ],
        [
            123.94918060302734,
            954.6878662109375,
            155.06417846679688,
            999.6708984375
        ],
        [
            83.5924301147461,
            946.2212524414062,
            134.3083038330078,
            1012.9557495117188
        ],
        [
            47.09523391723633,
            954.4133911132812,
            82.94449615478516,
            1032.12548828125
        ]
    ],
    "tails": [
        [
            157.7282257080078,
            468.3448791503906,
            208.82273864746094,
            516.8961791992188
        ]
    ],
    "text_character_associations": [
        [
            0,
            2
        ]
    ],
    "text_tail_associations": [
        [
            0,
            0
        ]
    ],
    "character_cluster_labels": [
        0,
        1,
        1,
        2,
        3,
        1,
        1,
        4,
        5,
        1,
        6,
        7,
        8,
        9,
        10
    ],
    "is_essential_text": [
        true
    ],
    "ocr": [
        "What's the meaning of this?"
    ],
    "character_names": [
        "Other",
        "alibaba",
        "alibaba",
        "Other",
        "Other",
        "alibaba",
        "alibaba",
        "ren",
        "Other",
        "alibaba",
        "Other",
        "Other",
        "Other",
        "Other",
        "Other"
    ]
}