{
    "panels": [
        [
            -0.38072216510772705,
            3.5566091537475586,
            816.7418823242188,
            260.7928161621094
        ],
        [
            -0.001245737075805664,
            269.34710693359375,
            804.1035766601562,
            441.4449462890625
        ],
        [
            0.9333809614181519,
            428.6723937988281,
            803.9135131835938,
            604.8713989257812
        ],
        [
            -3.1837551593780518,
            598.252685546875,
            829.0027465820312,
            1192.447021484375
        ]
    ],
    "texts": [
        [
            644.4929809570312,
            131.41090393066406,
            788.2673950195312,
            172.6679229736328
        ],
        [
            127.28268432617188,
            118.91911315917969,
            276.1315612792969,
            213.55874633789062
        ],
        [
            136.95108032226562,
            394.78857421875,
            314.3265075683594,
            441.42138671875
        ],
        [
            614.96435546875,
            837.1663818359375,
            778.1641845703125,
            921.814697265625
        ]
    ],
    "characters": [
        [
            421.5799560546875,
            22.78936004638672,
            484.31427001953125,
            86.40628051757812
        ],
        [
            353.8748474121094,
            121.95095825195312,
            415.5708923339844,
            196.15269470214844
        ],
        [
            284.4493103027344,
            5.285228252410889,
            319.36767578125,
            49.69695281982422
        ],
        [
            616.5940551757812,
            6.224506378173828,
            667.1515502929688,
            59.25685501098633
        ],
        [
            -5.710284233093262,
            614.8738403320312,
            817.1350708007812,
            1195.177490234375
        ],
        [
            285.6855773925781,
            98.8896255493164,
            366.1431579589844,
            249.71287536621094
        ],
        [
            402.68145751953125,
            107.96658325195312,
            469.3377685546875,
            242.85984802246094
        ],
        [
            548.7973022460938,
            127.32698059082031,
            637.3216552734375,
            250.21722412109375
        ],
        [
            523.6650390625,
            2.9788658618927,
            575.8734741210938,
            50.20998764038086
        ],
        [
            540.7083740234375,
            24.92308235168457,
            581.9275512695312,
            92.96790313720703
        ],
        [
            0.16826482117176056,
            92.82046508789062,
            64.69612121582031,
            248.5069122314453
        ],
        [
            372.5535583496094,
            451.6002502441406,
            532.2951049804688,
            622.2980346679688
        ],
        [
            333.4618835449219,
            61.763084411621094,
            382.3028564453125,
            123.54093933105469
        ],
        [
            599.5524291992188,
            73.74522399902344,
            636.65625,
            142.1612091064453
        ],
        [
            5.199426174163818,
            6.186559677124023,
            93.82485961914062,
            80.38719940185547
        ],
        [
            390.7156982421875,
            51.545692443847656,
            432.2266540527344,
            111.8735580444336
        ],
        [
            499.5853271484375,
            109.51463317871094,
            565.5907592773438,
            244.6112060546875
        ],
        [
            68.70780944824219,
            103.71932983398438,
            110.85689544677734,
            160.36036682128906
        ],
        [
            545.8483276367188,
            25.731664657592773,
            585.6434936523438,
            100.7947769165039
        ],
        [
            2.747647523880005,
            273.69415283203125,
            164.28428649902344,
            425.3794250488281
        ],
        [
            661.8700561523438,
            278.9112548828125,
            809.5730590820312,
            430.8103942871094
        ],
        [
            409.32928466796875,
            107.1001968383789,
            465.50274658203125,
            194.07693481445312
        ],
        [
            51.61741638183594,
            136.70945739746094,
            116.03775787353516,
            245.84127807617188
        ],
        [
            307.72833251953125,
            274.8609924316406,
            609.77392578125,
            427.5227355957031
        ],
        [
            281.63165283203125,
            9.740182876586914,
            316.23284912109375,
            57.35073471069336
        ],
        [
            430.43206787109375,
            138.7532501220703,
            515.8355102539062,
            250.23397827148438
        ]
    ],
    "tails": [
        [
            695.3626708984375,
            251.40525817871094,
            739.4866943359375,
            310.3172912597656
        ],
        [
            309.3847351074219,
            362.04608154296875,
            365.2447814941406,
            411.3161926269531
        ]
    ],
    "text_character_associations": [
        [
            0,
            20
        ],
        [
            1,
            23
        ],
        [
            2,
            23
        ],
        [
            3,
            4
        ]
    ],
    "text_tail_associations": [
        [
            0,
            0
        ],
        [
            2,
            1
        ]
    ],
    "character_cluster_labels": [
        0,
        1,
        2,
        3,
        4,
        5,
        6,
        7,
        8,
        9,
        10,
        4,
        11,
        12,
        13,
        14,
        15,
        16,
        17,
        18,
        19,
        20,
        21,
        4,
        22,
        23
    ],
    "is_essential_text": [
        true,
        true,
        true,
        true
    ],
    "ocr": [
        "But is that really okay?",
        "to sacrifice everything because des- tiny tells you to?",
        "Is that really okay?",
        "think with your own heads!!"
    ],
    "character_names": [
        "Other",
        "Other",
        "Other",
        "Other",
        "alibaba",
        "Other",
        "Other",
        "Other",
        "Other",
        "Other",
        "Other",
        "alibaba",
        "Other",
        "Other",
        "Other",
        "Other",
        "Other",
        "Other",
        "Other",
        "Other",
        "Other",
        "Other",
        "Other",
        "alibaba",
        "Other",
        "Other"
    ]
}