{
    "panels": [
        [
            498.78106689453125,
            -0.5977392196655273,
            731.4266967773438,
            1197.83154296875
        ],
        [
            274.0827331542969,
            -1.3561069965362549,
            498.26165771484375,
            354.03448486328125
        ],
        [
            23.062114715576172,
            -3.901129961013794,
            269.4592590332031,
            357.02203369140625
        ],
        [
            268.3607482910156,
            368.67742919921875,
            495.5802001953125,
            692.8585815429688
        ],
        [
            20.0655517578125,
            368.99713134765625,
            268.11175537109375,
            692.2947998046875
        ],
        [
            306.53375244140625,
            705.4696655273438,
            495.5670166015625,
            916.3020629882812
        ],
        [
            305.0266418457031,
            903.003173828125,
            495.1929931640625,
            1200.868408203125
        ],
        [
            177.0012969970703,
            703.7122192382812,
            310.77276611328125,
            1196.6575927734375
        ],
        [
            20.573692321777344,
            698.6131591796875,
            179.86212158203125,
            1198.7291259765625
        ]
    ],
    "texts": [
        [
            401.2657775878906,
            449.82208251953125,
            483.7942810058594,
            518.7776489257812
        ],
        [
            39.64903259277344,
            450.1066589355469,
            120.06912231445312,
            511.19720458984375
        ],
        [
            406.7439270019531,
            791.9414672851562,
            482.85638427734375,
            852.9140014648438
        ],
        [
            408.6470642089844,
            993.9201049804688,
            485.1683044433594,
            1055.6231689453125
        ],
        [
            48.49093246459961,
            1001.4346313476562,
            153.10787963867188,
            1093.681396484375
        ]
    ],
    "characters": [
        [
            505.1314697265625,
            431.0546875,
            727.2405395507812,
            831.579345703125
        ],
        [
            179.76727294921875,
            1075.228759765625,
            233.91502380371094,
            1198.8802490234375
        ],
        [
            502.4456787109375,
            3.083324432373047,
            728.2371826171875,
            827.2201538085938
        ],
        [
            275.4243469238281,
            -0.19478201866149902,
            495.75115966796875,
            320.9307556152344
        ],
        [
            636.6275024414062,
            1065.1365966796875,
            724.85791015625,
            1199.73828125
        ],
        [
            592.608642578125,
            926.7830200195312,
            726.640869140625,
            1197.5789794921875
        ],
        [
            180.9741973876953,
            717.3201904296875,
            308.88226318359375,
            1052.9537353515625
        ],
        [
            29.42513656616211,
            376.66510009765625,
            263.6028137207031,
            684.407470703125
        ],
        [
            568.1489868164062,
            775.3194580078125,
            722.2198486328125,
            1004.3360595703125
        ],
        [
            316.30999755859375,
            1069.068603515625,
            383.9759521484375,
            1198.08203125
        ],
        [
            195.0032196044922,
            1003.489990234375,
            304.4581604003906,
            1200.5616455078125
        ],
        [
            311.9706115722656,
            713.8718872070312,
            490.1242370605469,
            905.5192260742188
        ],
        [
            267.9260559082031,
            373.02459716796875,
            491.60308837890625,
            683.3501586914062
        ],
        [
            24.97145652770996,
            767.198486328125,
            172.0963134765625,
            1198.30615234375
        ],
        [
            36.72199630737305,
            2.033722400665283,
            265.7536926269531,
            351.74627685546875
        ]
    ],
    "tails": [],
    "text_character_associations": [
        [
            0,
            12
        ],
        [
            1,
            7
        ],
        [
            2,
            11
        ],
        [
            3,
            11
        ],
        [
            4,
            13
        ]
    ],
    "text_tail_associations": [],
    "character_cluster_labels": [
        0,
        1,
        2,
        3,
        4,
        5,
        6,
        7,
        8,
        9,
        10,
        11,
        12,
        13,
        14
    ],
    "is_essential_text": [
        true,
        true,
        true,
        true,
        true
    ],
    "ocr": [
        "For the sake of the Reim Empire!",
        "For the sake of the Reim Empire!",
        "For the sake of the Reim Empire!",
        "For the sake of the Reim Empire!",
        "for the protect-  ton of the Reim Empire!"
    ],
    "character_names": [
        "Other",
        "Other",
        "ren",
        "Other",
        "Other",
        "Other",
        "Other",
        "Other",
        "Other",
        "Other",
        "Other",
        "Other",
        "Other",
        "Other",
        "Other"
    ]
}