{
    "panels": [
        [
            24.323963165283203,
            -4.0168046951293945,
            833.7593383789062,
            777.7334594726562
        ],
        [
            416.61981201171875,
            791.9503173828125,
            837.561279296875,
            1200.642822265625
        ],
        [
            242.63711547851562,
            801.3297119140625,
            420.7294006347656,
            1195.4619140625
        ],
        [
            149.34661865234375,
            794.2152709960938,
            310.5707702636719,
            1198.011962890625
        ],
        [
            28.040239334106445,
            798.9642333984375,
            156.818115234375,
            1199.8409423828125
        ]
    ],
    "texts": [
        [
            487.1353759765625,
            823.5018920898438,
            577.0931396484375,
            903.42529296875
        ],
        [
            283.00140380859375,
            887.448974609375,
            387.9743347167969,
            986.7777099609375
        ],
        [
            89.81156158447266,
            837.673095703125,
            120.5425796508789,
            933.9744262695312
        ]
    ],
    "characters": [
        [
            28.725305557250977,
            893.811279296875,
            99.86688232421875,
            1037.724609375
        ],
        [
            31.522018432617188,
            980.8703002929688,
            152.7341766357422,
            1199.02392578125
        ],
        [
            407.1019592285156,
            1103.5859375,
            480.8232727050781,
            1198.6212158203125
        ],
        [
            436.74884033203125,
            891.3893432617188,
            528.4139404296875,
            1029.3372802734375
        ],
        [
            603.1968383789062,
            1003.5674438476562,
            836.1815795898438,
            1200.3577880859375
        ],
        [
            150.4629364013672,
            805.7652587890625,
            332.06011962890625,
            1113.0159912109375
        ],
        [
            329.41363525390625,
            806.9712524414062,
            439.7645568847656,
            1008.0023193359375
        ],
        [
            247.92544555664062,
            998.41845703125,
            405.32781982421875,
            1197.729736328125
        ],
        [
            222.72964477539062,
            683.3170776367188,
            293.4788513183594,
            768.2310791015625
        ],
        [
            542.559326171875,
            824.6473999023438,
            672.0679321289062,
            988.3140869140625
        ],
        [
            136.64340209960938,
            615.2432861328125,
            209.40911865234375,
            714.9073486328125
        ],
        [
            151.05076599121094,
            802.1217651367188,
            337.8666076660156,
            1197.9774169921875
        ],
        [
            174.3345947265625,
            662.5237426757812,
            238.8147430419922,
            753.0879516601562
        ],
        [
            241.9381561279297,
            630.9353637695312,
            273.0753479003906,
            670.589599609375
        ],
        [
            487.86224365234375,
            940.389892578125,
            551.0093383789062,
            1034.4940185546875
        ],
        [
            273.500244140625,
            631.3206176757812,
            339.8454284667969,
            758.0423583984375
        ],
        [
            108.43326568603516,
            937.4525756835938,
            158.2246551513672,
            1033.4110107421875
        ],
        [
            513.0697631835938,
            1144.289306640625,
            613.4181518554688,
            1199.8074951171875
        ]
    ],
    "tails": [],
    "text_character_associations": [
        [
            0,
            9
        ],
        [
            1,
            11
        ],
        [
            2,
            1
        ]
    ],
    "text_tail_associations": [],
    "character_cluster_labels": [
        0,
        1,
        2,
        3,
        4,
        5,
        6,
        7,
        8,
        9,
        10,
        11,
        12,
        13,
        14,
        15,
        16,
        17
    ],
    "is_essential_text": [
        true,
        true,
        true
    ],
    "ocr": [
        "!?",
        "!?",
        "........."
    ],
    "character_names": [
        "Other",
        "ren",
        "Other",
        "Other",
        "Other",
        "Other",
        "Other",
        "Other",
        "Other",
        "Other",
        "Other",
        "Other",
        "Other",
        "Other",
        "Other",
        "ren",
        "Other",
        "Other"
    ]
}