{
    "panels": [
        [
            102.98847198486328,
            3.823453187942505,
            808.743896484375,
            335.80133056640625
        ],
        [
            591.0513916015625,
            352.9197998046875,
            811.5149536132812,
            603.736328125
        ],
        [
            367.40911865234375,
            354.49786376953125,
            585.3983764648438,
            604.4490356445312
        ],
        [
            100.65524291992188,
            354.1904602050781,
            367.611083984375,
            596.3302001953125
        ],
        [
            585.1650390625,
            607.6715698242188,
            811.8298950195312,
            855.146728515625
        ],
        [
            366.3601989746094,
            603.7427368164062,
            582.8718872070312,
            851.2161865234375
        ],
        [
            100.10222625732422,
            602.7581787109375,
            369.5047912597656,
            848.4632568359375
        ],
        [
            442.64471435546875,
            858.121337890625,
            808.6663818359375,
            1055.3336181640625
        ],
        [
            -3.4895339012145996,
            854.579833984375,
            439.9712219238281,
            1198.739990234375
        ]
    ],
    "texts": [
        [
            235.58175659179688,
            53.357505798339844,
            283.88446044921875,
            186.02357482910156
        ],
        [
            607.0009765625,
            645.3125,
            682.1449584960938,
            714.46630859375
        ],
        [
            177.42001342773438,
            646.1417236328125,
            250.38233947753906,
            714.7444458007812
        ],
        [
            728.0184326171875,
            918.8479614257812,
            799.1503295898438,
            989.289794921875
        ],
        [
            460.39666748046875,
            1096.90966796875,
            526.9782104492188,
            1162.75732421875
        ],
        [
            117.7752685546875,
            972.7843017578125,
            208.20635986328125,
            1050.392578125
        ]
    ],
    "characters": [
        [
            721.236328125,
            620.6610107421875,
            811.1080932617188,
            842.9407348632812
        ],
        [
            372.64947509765625,
            616.6521606445312,
            582.6238403320312,
            843.9423828125
        ],
        [
            276.8028869628906,
            196.44515991210938,
            352.04046630859375,
            315.5645446777344
        ],
        [
            741.8308715820312,
            363.6415100097656,
            786.2511596679688,
            433.7363586425781
        ],
        [
            445.5454406738281,
            860.77490234375,
            671.6583862304688,
            1049.737060546875
        ],
        [
            592.3869018554688,
            741.3506469726562,
            723.9118041992188,
            843.3738403320312
        ],
        [
            374.7642517089844,
            609.5569458007812,
            436.4911804199219,
            709.3242797851562
        ],
        [
            300.3516540527344,
            94.71428680419922,
            466.7022399902344,
            324.642578125
        ],
        [
            230.75941467285156,
            239.54879760742188,
            290.74310302734375,
            323.5716552734375
        ],
        [
            602.8221435546875,
            862.65380859375,
            727.25830078125,
            1045.544921875
        ],
        [
            105.60003662109375,
            612.5645141601562,
            178.92544555664062,
            754.4826049804688
        ],
        [
            599.31884765625,
            628.931640625,
            806.4445190429688,
            844.3629760742188
        ],
        [
            643.87841796875,
            488.92987060546875,
            741.1730346679688,
            596.3367919921875
        ],
        [
            678.8936157226562,
            633.654296875,
            752.6802978515625,
            744.0358276367188
        ],
        [
            691.604736328125,
            1053.689697265625,
            807.0966186523438,
            1198.3624267578125
        ],
        [
            206.53060913085938,
            263.084228515625,
            239.11888122558594,
            321.3423767089844
        ],
        [
            106.36410522460938,
            610.494384765625,
            366.72686767578125,
            842.3137817382812
        ],
        [
            294.9039001464844,
            0.2777516841888428,
            369.91314697265625,
            117.35692596435547
        ],
        [
            233.18800354003906,
            238.29359436035156,
            288.89752197265625,
            320.2237243652344
        ],
        [
            657.6378173828125,
            372.0466613769531,
            783.254638671875,
            591.9122314453125
        ],
        [
            444.73779296875,
            50.43434524536133,
            550.3764038085938,
            186.2435760498047
        ],
        [
            3.1067187786102295,
            857.25390625,
            441.5274963378906,
            1199.4691162109375
        ],
        [
            558.6475830078125,
            862.2129516601562,
            610.4728393554688,
            920.7832641601562
        ],
        [
            686.493408203125,
            622.3760375976562,
            807.1307983398438,
            842.38427734375
        ],
        [
            447.31622314453125,
            50.61888122558594,
            548.4885864257812,
            187.16824340820312
        ],
        [
            419.85162353515625,
            -2.658766508102417,
            807.5838012695312,
            331.0528259277344
        ],
        [
            379.2638854980469,
            363.306640625,
            585.8716430664062,
            598.3727416992188
        ],
        [
            762.80029296875,
            369.07818603515625,
            807.456787109375,
            436.90545654296875
        ],
        [
            106.9631118774414,
            362.2912292480469,
            365.0322570800781,
            588.1083984375
        ],
        [
            234.69569396972656,
            235.0787811279297,
            293.5599060058594,
            322.62274169921875
        ],
        [
            566.93603515625,
            1053.8037109375,
            805.4470825195312,
            1198.521240234375
        ],
        [
            422.31536865234375,
            613.2650146484375,
            481.193115234375,
            694.33837890625
        ],
        [
            496.62054443359375,
            1088.3603515625,
            605.6743774414062,
            1201.6639404296875
        ]
    ],
    "tails": [
        [
            309.146728515625,
            83.6690444946289,
            363.4779968261719,
            126.53789520263672
        ]
    ],
    "text_character_associations": [
        [
            0,
            7
        ],
        [
            1,
            11
        ],
        [
            2,
            16
        ],
        [
            3,
            14
        ],
        [
            4,
            32
        ],
        [
            5,
            21
        ]
    ],
    "text_tail_associations": [
        [
            0,
            0
        ]
    ],
    "character_cluster_labels": [
        0,
        1,
        2,
        3,
        4,
        5,
        6,
        7,
        8,
        9,
        10,
        4,
        11,
        12,
        13,
        14,
        15,
        16,
        17,
        18,
        19,
        20,
        21,
        22,
        23,
        4,
        18,
        24,
        18,
        25,
        26,
        27,
        28
    ],