{
    "panels": [
        [
            11.435218811035156,
            -0.8397102355957031,
            837.0103149414062,
            1198.6759033203125
        ]
    ],
    "texts": [
        [
            662.8701782226562,
            499.1098937988281,
            795.3822021484375,
            611.6527099609375
        ],
        [
            283.6722106933594,
            752.560302734375,
            395.6000671386719,
            782.6422729492188
        ],
        [
            605.4869384765625,
            979.1314086914062,
            795.9346313476562,
            1055.53857421875
        ],
        [
            68.91828918457031,
            820.95703125,
            287.0271301269531,
            848.1860961914062
        ],
        [
            135.26614379882812,
            776.0880126953125,
            206.17860412597656,
            805.0438842773438
        ],
        [
            58.264617919921875,
            682.0703125,
            136.94540405273438,
            708.4718017578125
        ]
    ],
    "characters": [
        [
            257.0791320800781,
            904.8499145507812,
            315.8587341308594,
            987.2584228515625
        ],
        [
            309.708740234375,
            897.1297607421875,
            370.19879150390625,
            1008.3114013671875
        ],
        [
            199.07179260253906,
            876.9686889648438,
            266.611328125,
            964.5986938476562
        ],
        [
            259.36474609375,
            907.936279296875,
            315.79986572265625,
            986.76318359375
        ]
    ],
    "tails": [],
    "text_character_associations": [
        [
            4,
            2
        ]
    ],
    "text_tail_associations": [],
    "character_cluster_labels": [
        0,
        1,
        2,
        3
    ],
    "is_essential_text": [
        true,
        false,
        true,
        false,
        false,
        false
    ],
    "ocr": [
        "As his feel-ings burn away, he strikes with all his po- ever?!",
        "(1) In",
        "Extreme Magic!!",
        "Chapter 365: The final blow",
        "laburinth of magic",
        "10.1(6)"
    ],
    "character_names": [
        "Other",
        "Other",
        "Other",
        "Other"
    ]
}