{
    "panels": [
        [
            421.3241271972656,
            1.7618894577026367,
            836.545654296875,
            1200.853759765625
        ],
        [
            15.965851783752441,
            1.885664463043213,
            255.49404907226562,
            1200.4903564453125
        ]
    ],
    "texts": [
        [
            322.9015808105469,
            396.0007629394531,
            435.647705078125,
            473.3136901855469
        ],
        [
            329.38165283203125,
            691.8483276367188,
            433.0992736816406,
            787.3159790039062
        ],
        [
            462.2283630371094,
            888.78369140625,
            563.34423828125,
            987.4818725585938
        ],
        [
            587.4795532226562,
            942.4580078125,
            757.8538208007812,
            1153.1854248046875
        ],
        [
            117.13868713378906,
            373.708740234375,
            210.74916076660156,
            414.5077819824219
        ],
        [
            46.75343322753906,
            606.9223022460938,
            191.61940002441406,
            773.6138305664062
        ]
    ],
    "characters": [
        [
            210.3996124267578,
            -0.19440650939941406,
            834.7109985351562,
            1196.0687255859375
        ],
        [
            420.6611022949219,
            -4.993951320648193,
            833.6251220703125,
            1190.9652099609375
        ],
        [
            48.279293060302734,
            861.8098754882812,
            221.21775817871094,
            1079.19482421875
        ]
    ],
    "tails": [
        [
            70.79244232177734,
            824.8131103515625,
            109.41313934326172,
            877.5286254882812
        ],
        [
            165.81297302246094,
            505.6268310546875,
            208.7415008544922,
            562.8773803710938
        ],
        [
            529.5594482421875,
            625.0543823242188,
            609.496826171875,
            761.30859375
        ],
        [
            367.7999267578125,
            544.557861328125,
            428.4712219238281,
            616.560302734375
        ]
    ],
    "text_character_associations": [
        [
            0,
            0
        ],
        [
            1,
            0
        ],
        [
            2,
            1
        ],
        [
            3,
            1
        ],
        [
            4,
            0
        ],
        [
            5,
            2
        ]
    ],
    "text_tail_associations": [
        [
            0,
            3
        ],
        [
            1,
            3
        ],
        [
            2,
            2
        ],
        [
            4,
            1
        ],
        [
            5,
            0
        ]
    ],
    "character_cluster_labels": [
        0,
        1,
        2
    ],
    "is_essential_text": [
        true,
        true,
        true,
        false,
        true,
        true
    ],
    "ocr": [
        "Let's re- turn to the Ruhk together...",
        "Let's re- turn to the Ruhk together ....!!",
        "Let's return to the Ruhk...",
        "!!??",
        "But all of you...",
        "Are people who decided on their own to risk their lives and fi- ght for so- mething im- portant, right?"
    ],
    "character_names": [
        "ren",
        "ren",
        "alibaba"
    ]
}