{
    "panels": [
        [
            449.83465576171875,
            0.2560436725616455,
            812.7366333007812,
            342.4053649902344
        ],
        [
            33.97541046142578,
            2.444225549697876,
            453.4359436035156,
            340.7398986816406
        ],
        [
            652.6983032226562,
            396.1252136230469,
            804.4358520507812,
            728.7796020507812
        ],
        [
            492.5517883300781,
            355.987060546875,
            657.9424438476562,
            731.299072265625
        ],
        [
            294.33966064453125,
            358.260498046875,
            494.26727294921875,
            733.2122802734375
        ],
        [
            0.3020663261413574,
            356.1190490722656,
            293.5202331542969,
            735.0897827148438
        ],
        [
            462.61273193359375,
            750.337890625,
            810.8364868164062,
            941.1449584960938
        ],
        [
            458.4154357910156,
            937.5245971679688,
            804.5435791015625,
            1200.7490234375
        ],
        [
            -2.952571392059326,
            749.1388549804688,
            460.2066650390625,
            1196.3167724609375
        ]
    ],
    "texts": [
        [
            681.948486328125,
            94.98583984375,
            799.37890625,
            224.37306213378906
        ],
        [
            460.5511474609375,
            142.5798797607422,
            536.865478515625,
            232.68934631347656
        ],
        [
            357.32598876953125,
            104.7499008178711,
            443.9311218261719,
            156.23477172851562
        ],
        [
            74.98492431640625,
            231.1315460205078,
            184.7680206298828,
            299.5491638183594
        ],
        [
            735.025634765625,
            420.3918151855469,
            798.301513671875,
            505.9716491699219
        ],
        [
            662.3184204101562,
            438.5159912109375,
            711.8114013671875,
            511.4924621582031
        ],
        [
            576.2206420898438,
            458.41668701171875,
            648.8273315429688,
            525.627685546875
        ],
        [
            105.0598373413086,
            997.1408081054688,
            203.20809936523438,
            1142.959716796875
        ]
    ],
    "characters": [
        [
            679.3741455078125,
            947.3960571289062,
            737.5194702148438,
            1041.478515625
        ],
        [
            595.6007080078125,
            761.2925415039062,
            713.878662109375,
            926.4003295898438
        ],
        [
            586.039794921875,
            945.5554809570312,
            645.6533813476562,
            1010.804443359375
        ],
        [
            487.688720703125,
            92.4862060546875,
            681.7020263671875,
            330.69415283203125
        ],
        [
            599.4486083984375,
            759.964111328125,
            812.4986572265625,
            931.5107421875
        ],
        [
            465.9770812988281,
            752.4730224609375,
            536.06201171875,
            865.71630859375
        ],
        [
            631.6480102539062,
            1000.2159423828125,
            730.5905151367188,
            1160.1124267578125
        ],
        [
            658.0518798828125,
            529.383056640625,
            806.293701171875,
            727.5196533203125
        ],
        [
            4.127749919891357,
            756.0670776367188,
            458.6477966308594,
            1197.4356689453125
        ],
        [
            495.9223937988281,
            420.5953674316406,
            617.7789306640625,
            696.303955078125
        ],
        [
            621.4270629882812,
            977.6884765625,
            732.9442749023438,
            1153.89990234375
        ],
        [
            0.46128398180007935,
            356.5852355957031,
            289.80487060546875,
            729.7622680664062
        ],
        [
            593.96533203125,
            1024.0379638671875,
            651.1586303710938,
            1119.66650390625
        ],
        [
            464.0379638671875,
            950.03466796875,
            518.0264282226562,
            1124.08984375
        ],
        [
            751.2180786132812,
            946.5021362304688,
            799.9241943359375,
            1018.7501220703125
        ],
        [
            717.6356811523438,
            756.858642578125,
            809.4364624023438,
            927.0516357421875
        ],
        [
            483.5306091308594,
            757.8563842773438,
            611.3888549804688,
            926.1690673828125
        ],
        [
            295.4360656738281,
            367.8974304199219,
            491.8092346191406,
            724.8800659179688
        ],
        [
            502.74365234375,
            949.1858520507812,
            577.3720703125,
            1112.3338623046875
        ],
        [
            211.81585693359375,
            120.47187042236328,
            294.3153076171875,
            197.1907501220703
        ]
    ],
    "tails": [
        [
            617.96337890625,
            -0.07770359516143799,
            667.2364501953125,
            41.07808303833008
        ],
        [
            180.70556640625,
            255.79525756835938,
            266.5931701660156,
            333.29058837890625
        ],
        [
            746.6715087890625,
            530.5548706054688,
            803.7763061523438,
            595.6240234375
        ]
    ],
    "text_character_associations": [
        [
            0,
            3
        ],
        [
            1,
            3
        ],
        [
            2,
            19
        ],
        [
            4,
            7
        ],
        [
            5,
            7
        ],
        [
            6,
            9
        ],
        [
            7,
            8
        ]
    ],
    "text_tail_associations": [
        [
            0,
            0
        ],
        [
            3,
            1
        ],
        [
            4,
            2
        ],
        [
            5,
            2
        ]
    ],
    "character_cluster_labels": [
        0,
        1,
        2,
        1,
        1,
        3,
        4,
        5,
        6,
        1,
        1,
        1,
        7,
        8,
        9,
        10,
        11,
        5,
        12,
        1
    ],
    "is_essential_text": [
        true,
        true,
        true,
        true,
        true,
        true,
        true,
        false
    ],
    "ocr": [
        "Is that really the look of someone who has lost their sanity...?!",
        "I get the feeling it's so- mething Diffe- rent...",
        "Why is he fight- ing?",
        "Until he's been Bea- ten up by everyone...",
        "Yet, so Des- pera- Tely...",
        "This bat- TLE is...",
        "What is he FI- gitting for?!",
        "\"No,"
    ],
    "character_names": [
        "Other",
        "alibaba",
        "Other",
        "alibaba",
        "alibaba",
        "Other",
        "Other",
        "ren",
        "alibaba",
        "alibaba",
        "alibaba",
        "alibaba",
        "Other",
        "Other",
        "Other",
        "ren",
        "Other",
        "ren",
        "Other",
        "alibaba"
    ]
}