{
    "panels": [
        [
            522.0287475585938,
            1.3912081718444824,
            814.5377807617188,
            561.2530517578125
        ],
        [
            106.46117401123047,
            -1.1602073907852173,
            522.5064697265625,
            196.53793334960938
        ],
        [
            280.65777587890625,
            202.9942626953125,
            524.4431762695312,
            375.1693115234375
        ],
        [
            293.89776611328125,
            381.25152587890625,
            520.7534790039062,
            554.9520263671875
        ],
        [
            101.89096069335938,
            203.89447021484375,
            294.1120300292969,
            554.2705688476562
        ],
        [
            453.2204284667969,
            587.5587768554688,
            814.4774780273438,
            1191.952880859375
        ],
        [
            9.39238452911377,
            857.3318481445312,
            481.200439453125,
            1199.4476318359375
        ]
    ],
    "texts": [
        [
            114.61410522460938,
            246.52598571777344,
            155.84136962890625,
            320.8797912597656
        ],
        [
            422.71527099609375,
            657.9500732421875,
            531.3251953125,
            808.2803955078125
        ],
        [
            179.14419555664062,
            679.0961303710938,
            278.1325988769531,
            774.124267578125
        ]
    ],
    "characters": [
        [
            420.7234802246094,
            1.0059558153152466,
            452.69207763671875,
            38.54937744140625
        ],
        [
            328.8409423828125,
            390.07781982421875,
            510.6016540527344,
            545.6182250976562
        ],
        [
            293.3165283203125,
            -0.9277917146682739,
            325.6730041503906,
            30.324180603027344
        ],
        [
            528.9215698242188,
            735.897216796875,
            706.2845458984375,
            1069.1173095703125
        ],
        [
            272.2127685546875,
            580.3145751953125,
            438.6578063964844,
            848.934326171875
        ],
        [
            106.37577819824219,
            207.2599639892578,
            292.2599182128906,
            545.7759399414062
        ],
        [
            476.8902893066406,
            315.2960205078125,
            520.6055908203125,
            365.4645080566406
        ],
        [
            521.9054565429688,
            1.9942760467529297,
            809.3615112304688,
            553.2039184570312
        ],
        [
            108.03821563720703,
            355.7788391113281,
            214.2252960205078,
            495.90185546875
        ],
        [
            203.179443359375,
            -2.809131145477295,
            311.2918701171875,
            191.72828674316406
        ],
        [
            112.17284393310547,
            19.5528564453125,
            204.6375274658203,
            192.8513946533203
        ],
        [
            700.1212158203125,
            825.6487426757812,
            794.3389892578125,
            1065.9068603515625
        ],
        [
            777.788818359375,
            817.5753173828125,
            815.880126953125,
            1060.8397216796875
        ],
        [
            61.1983528137207,
            860.7526245117188,
            485.1850891113281,
            1198.113037109375
        ],
        [
            107.01673889160156,
            728.1183471679688,
            178.27548217773438,
            833.2675170898438
        ],
        [
            314.2301940917969,
            0.03777444362640381,
            408.42236328125,
            192.93902587890625
        ],
        [
            296.078125,
            0.19320622086524963,
            327.0676574707031,
            31.279163360595703
        ],
        [
            142.15869140625,
            578.7008056640625,
            455.03009033203125,
            849.2893676757812
        ],
        [
            109.85711669921875,
            3.560972213745117,
            221.04837036132812,
            192.07473754882812
        ],
        [
            491.5693054199219,
            834.5565185546875,
            568.1375732421875,
            1064.9058837890625
        ],
        [
            371.232177734375,
            233.05213928222656,
            502.2604064941406,
            365.82940673828125
        ],
        [
            353.95208740234375,
            253.32540893554688,
            394.6683044433594,
            304.1390380859375
        ],
        [
            698.103515625,
            824.409423828125,
            732.396484375,
            919.486083984375
        ],
        [
            307.1481628417969,
            283.9682312011719,
            381.9937438964844,
            365.1796569824219
        ],
        [
            441.7985534667969,
            245.71774291992188,
            519.3295288085938,
            362.8172607421875
        ],
        [
            133.24264526367188,
            -4.646431922912598,
            229.3418426513672,
            36.98493957519531
        ],
        [
            392.8401184082031,
            38.98908233642578,
            482.8728942871094,
            191.8194580078125
        ],
        [
            286.8395080566406,
            241.4183807373047,
            328.6913757324219,
            361.0823059082031
        ],
        [
            402.8063049316406,
            0.17591044306755066,
            435.3741455078125,
            41.95390701293945
        ]
    ],
    "tails": [
        [
            127.05302429199219,
            348.1640319824219,
            155.02552795410156,
            379.4598388671875
        ],
        [
            147.03199768066406,
            719.03662109375,
            177.87615966796875,
            752.4435424804688
        ]
    ],
    "text_character_associations": [
        [
            0,
            5
        ],
        [
            1,
            4
        ],
        [
            2,
            14
        ]
    ],
    "text_tail_associations": [
        [
            0,
            0
        ],
        [
            2,
            1
        ]
    ],
    "character_cluster_labels": [
        0,
        1,
        2,
        3,
        4,
        5,
        6,
        5,
        7,
        8,
        9,
        10,
        11,
        3,
        5,
        12,
        13,
        14,
        15,
        16,
        17,
        18,
        19,
        20,
        21,
        22,
        23,
        24,
        25
    ],
    "is_essential_text": [
        true,
        true,
        true
    ],
    "ocr": [
        ".......",
        "If you don't de- Cide the reasons for which you fight on your own...",
        "You won't be able to live with pride."
    ],
    "character_names": [
        "Other",
        "Other",
        "Other",
        "ren",
        "Other",
        "alibaba",
        "Other",
        "alibaba",
        "Other",
        "Other",
        "Other",
        "Other",
        "Other",
        "ren",
        "alibaba",
        "ren",
        "Other",
        "Other",
        "ren",
        "Other",
        "Other",
        "Other",
        "Other",
        "Other",
        "Other",
        "Other",
        "Other",
        "Other",
        "Other"
    ]
}