{
    "panels": [
        [
            619.8330688476562,
            1.6934752464294434,
            804.2000732421875,
            317.9801940917969
        ],
        [
            445.8106384277344,
            0.6297647953033447,
            617.8377685546875,
            317.55615234375
        ],
        [
            281.9054870605469,
            -1.2950599193572998,
            445.0814208984375,
            318.1334533691406
        ],
        [
            37.25687026977539,
            1.5179336071014404,
            279.52069091796875,
            322.37884521484375
        ],
        [
            4.601279258728027,
            342.1519775390625,
            807.5974731445312,
            816.3265380859375
        ],
        [
            0.9363707304000854,
            821.8298950195312,
            808.5133666992188,
            1201.444580078125
        ]
    ],
    "texts": [
        [
            538.1014404296875,
            66.02108764648438,
            608.37060546875,
            112.86402893066406
        ],
        [
            87.79851531982422,
            168.92520141601562,
            183.49073791503906,
            256.19488525390625
        ],
        [
            593.6534423828125,
            972.4129028320312,
            797.8004760742188,
            1121.2674560546875
        ]
    ],
    "characters": [
        [
            468.5992431640625,
            678.7154541015625,
            531.527099609375,
            817.6414794921875
        ],
        [
            317.2919616699219,
            460.5364990234375,
            548.9331665039062,
            663.0580444335938
        ],
        [
            284.4339294433594,
            -1.6438543796539307,
            443.7193908691406,
            313.52392578125
        ],
        [
            623.5180053710938,
            126.28548431396484,
            772.8760375976562,
            309.5531005859375
        ],
        [
            540.414306640625,
            698.4449462890625,
            611.9799194335938,
            833.9471435546875
        ],
        [
            412.1348571777344,
            902.367919921875,
            597.4681396484375,
            1198.9002685546875
        ],
        [
            544.650634765625,
            698.1177978515625,
            660.5408935546875,
            831.3833618164062
        ],
        [
            370.6007080078125,
            647.6844482421875,
            489.3078918457031,
            867.4085693359375
        ],
        [
            -3.0987210273742676,
            838.6638793945312,
            593.9744873046875,
            1199.46533203125
        ],
        [
            77.45925903320312,
            526.3339233398438,
            279.8017272949219,
            698.3753662109375
        ],
        [
            289.3788757324219,
            664.404296875,
            370.5413818359375,
            826.4066772460938
        ],
        [
            450.3014221191406,
            150.1024627685547,
            615.1114501953125,
            315.704833984375
        ],
        [
            475.0544738769531,
            189.69644165039062,
            614.3284912109375,
            314.8488464355469
        ],
        [
            99.97386932373047,
            1.6206979751586914,
            280.65545654296875,
            314.11090087890625
        ]
    ],
    "tails": [
        [
            190.85166931152344,
            258.6126708984375,
            219.0410614013672,
            289.802978515625
        ],
        [
            525.2867431640625,
            153.45286560058594,
            559.91845703125,
            196.097412109375
        ]
    ],
    "text_character_associations": [
        [
            0,
            11
        ],
        [
            1,
            13
        ],
        [
            2,
            8
        ]
    ],
    "text_tail_associations": [
        [
            0,
            1
        ],
        [
            1,
            0
        ]
    ],
    "character_cluster_labels": [
        0,
        1,
        2,
        1,
        3,
        4,
        5,
        6,
        7,
        8,
        9,
        10,
        11,
        12
    ],
    "is_essential_text": [
        true,
        true,
        true
    ],
    "ocr": [
        "This guy ...",
        "This guy ... impos- sible...!",
        "He's planning on fighting the messengers of the Sacred Pa- LACE instead of us to the very end?!"
    ],
    "character_names": [
        "Other",
        "alibaba",
        "alibaba",
        "alibaba",
        "Other",
        "Other",
        "Other",
        "Other",
        "ren",
        "Other",
        "ren",
        "Other",
        "Other",
        "Other"
    ]
}