{
    "panels": [
        [
            20.732553482055664,
            0.3064870834350586,
            731.347900390625,
            467.83905029296875
        ],
        [
            386.8478698730469,
            485.9991455078125,
            732.7301635742188,
            688.6245727539062
        ],
        [
            24.703563690185547,
            487.4175720214844,
            381.98004150390625,
            688.5935668945312
        ],
        [
            351.7755126953125,
            700.1724243164062,
            833.041748046875,
            1198.7276611328125
        ],
        [
            21.841184616088867,
            730.3140258789062,
            368.4030456542969,
            1199.1968994140625
        ]
    ],
    "texts": [
        [
            536.7099609375,
            154.61886596679688,
            651.0315551757812,
            253.69451904296875
        ],
        [
            214.37588500976562,
            508.8349914550781,
            251.42703247070312,
            580.3428955078125
        ],
        [
            296.468994140625,
            1060.8121337890625,
            343.12939453125,
            1171.0079345703125
        ]
    ],
    "characters": [
        [
            355.0273742675781,
            709.3558959960938,
            573.7567749023438,
            1198.8880615234375
        ],
        [
            231.24876403808594,
            508.86541748046875,
            379.00677490234375,
            680.0156860351562
        ],
        [
            27.46578598022461,
            758.9130859375,
            362.3037109375,
            1200.966796875
        ],
        [
            391.1246643066406,
            492.8265686035156,
            721.8049926757812,
            681.3699951171875
        ],
        [
            134.34390258789062,
            200.8805389404297,
            259.59539794921875,
            459.16961669921875
        ],
        [
            116.61357116699219,
            558.62158203125,
            190.126953125,
            646.2985229492188
        ],
        [
            360.66015625,
            705.1022338867188,
            715.13232421875,
            1198.1756591796875
        ],
        [
            184.6966094970703,
            25.118709564208984,
            532.6841430664062,
            461.6874694824219
        ]
    ],
    "tails": [
        [
            215.18458557128906,
            1067.1920166015625,
            280.0144958496094,
            1128.07177734375
        ],
        [
            240.38919067382812,
            580.7672119140625,
            270.3684997558594,
            610.7371826171875
        ]
    ],
    "text_character_associations": [
        [
            0,
            7
        ],
        [
            1,
            1
        ],
        [
            2,
            2
        ]
    ],
    "text_tail_associations": [
        [
            1,
            1
        ],
        [
            2,
            0
        ]
    ],
    "character_cluster_labels": [
        0,
        1,
        0,
        0,
        2,
        3,
        0,
        0
    ],
    "is_essential_text": [
        true,
        true,
        true
    ],
    "ocr": [
        "I have to do this.",
        "..........",
        "........."
    ],
    "character_names": [
        "ren",
        "Other",
        "ren",
        "ren",
        "Other",
        "alibaba",
        "ren",
        "ren"
    ]
}