{
    "panels": [
        [
            1.9998838901519775,
            0.05793261528015137,
            820.1079711914062,
            553.5029296875
        ],
        [
            1.1347403526306152,
            584.7149658203125,
            819.8779296875,
            874.4426879882812
        ],
        [
            361.547607421875,
            904.428955078125,
            824.3837280273438,
            1256.2025146484375
        ],
        [
            3.874636650085449,
            904.599853515625,
            370.94598388671875,
            1254.21337890625
        ]
    ],
    "texts": [
        [
            617.8828125,
            86.97820281982422,
            789.2479858398438,
            192.37083435058594
        ],
        [
            72.11524200439453,
            73.26618957519531,
            239.6141357421875,
            212.970703125
        ],
        [
            651.9208984375,
            658.0509643554688,
            779.5689086914062,
            736.9041137695312
        ],
        [
            131.3508758544922,
            630.3728637695312,
            293.467041015625,
            755.4259643554688
        ],
        [
            67.63654327392578,
            759.8863525390625,
            119.84090423583984,
            786.6756591796875
        ],
        [
            370.0998840332031,
            949.536376953125,
            518.1983642578125,
            1011.2384643554688
        ],
        [
            272.3332824707031,
            1062.1494140625,
            393.4332275390625,
            1144.72900390625
        ],
        [
            39.34392166137695,
            1056.9736328125,
            83.4363021850586,
            1178.724609375
        ]
    ],
    "characters": [
        [
            417.37286376953125,
            663.095458984375,
            622.4762573242188,
            869.259765625
        ],
        [
            526.2783813476562,
            907.1928100585938,
            818.5469360351562,
            1257.6004638671875
        ],
        [
            319.4373474121094,
            635.2720947265625,
            444.9217224121094,
            868.4893188476562
        ],
        [
            57.51080322265625,
            0.0399787575006485,
            819.2620849609375,
            548.0464477539062
        ],
        [
            49.84531021118164,
            905.834228515625,
            364.1019592285156,
            1258.184326171875
        ]
    ],
    "tails": [
        [
            607.444091796875,
            727.2994995117188,
            642.91064453125,
            757.3306274414062
        ],
        [
            312.1643981933594,
            700.7540893554688,
            343.59185791015625,
            728.1907348632812
        ]
    ],
    "text_character_associations": [
        [
            0,
            3
        ],
        [
            1,
            3
        ],
        [
            2,
            0
        ],
        [
            3,
            2
        ],
        [
            4,
            0
        ],
        [
            5,
            1
        ],
        [
            6,
            4
        ],
        [
            7,
            4
        ]
    ],
    "text_tail_associations": [
        [
            2,
            0
        ],
        [
            3,
            1
        ]
    ],
    "character_cluster_labels": [
        0,
        0,
        0,
        0,
        0
    ],
    "is_essential_text": [
        true,
        true,
        true,
        true,
        true,
        true,
        true,
        false
    ],
    "ocr": [
        "You have the blood of a dragon",
        "Since you're a child of a human and a dragon.",
        "YOU'RE KIDDING ME, ARENT YOU?",
        "If I was kidding, then how come you have those horns on your head?",
        "Eh...",
        "I'm going out for work now.",
        "How about you? Are you going to school?",
        ".?!"
    ],
    "character_names": [
        "ruri",
        "ruri",
        "ruri",
        "ruri",
        "ruri"
    ]
}