{
    "panels": [
        [
            227.9741668701172,
            1.2828471660614014,
            819.0986938476562,
            309.2234802246094
        ],
        [
            7.625288963317871,
            5.168056488037109,
            237.67002868652344,
            303.67169189453125
        ],
        [
            -2.3566396236419678,
            420.3266906738281,
            822.4684448242188,
            644.3580932617188
        ],
        [
            344.1100769042969,
            670.0611572265625,
            825.5069580078125,
            1257.9678955078125
        ],
        [
            -1.7296555042266846,
            671.4302978515625,
            339.36065673828125,
            836.5059814453125
        ],
        [
            -0.9564399123191833,
            856.8320922851562,
            341.6034240722656,
            1262.5181884765625
        ]
    ],
    "texts": [
        [
            232.40733337402344,
            149.84205627441406,
            327.06549072265625,
            246.00184631347656
        ],
        [
            683.1864013671875,
            740.9214477539062,
            783.206787109375,
            786.7003784179688
        ],
        [
            469.910400390625,
            709.3863525390625,
            579.219482421875,
            790.8881225585938
        ],
        [
            378.07635498046875,
            786.4212646484375,
            481.2978210449219,
            875.7266845703125
        ],
        [
            217.28530883789062,
            912.6083374023438,
            321.05706787109375,
            959.371826171875
        ],
        [
            97.06257629394531,
            902.1249389648438,
            200.8185272216797,
            967.7536010742188
        ]
    ],
    "characters": [
        [
            422.2867736816406,
            575.52197265625,
            461.2032775878906,
            634.5265502929688
        ],
        [
            614.1504516601562,
            1005.425048828125,
            735.2442626953125,
            1258.16748046875
        ],
        [
            614.9862670898438,
            848.6603393554688,
            669.7838745117188,
            985.4712524414062
        ],
        [
            44.51712417602539,
            63.365203857421875,
            215.4385223388672,
            305.2626037597656
        ],
        [
            723.0391845703125,
            952.826904296875,
            806.5162353515625,
            1159.2742919921875
        ],
        [
            654.3035888671875,
            845.05517578125,
            687.1453247070312,
            969.5540161132812
        ],
        [
            646.989990234375,
            805.4083251953125,
            667.2909545898438,
            845.0003051757812
        ],
        [
            80.74162292480469,
            1213.023681640625,
            153.87527465820312,
            1259.0213623046875
        ],
        [
            383.9288024902344,
            1171.6136474609375,
            482.5024719238281,
            1259.437255859375
        ],
        [
            82.14518737792969,
            555.986328125,
            152.02529907226562,
            634.5068359375
        ],
        [
            652.1175537109375,
            806.6575927734375,
            671.6427612304688,
            845.2313842773438
        ],
        [
            610.4153442382812,
            796.387451171875,
            632.54296875,
            844.4228515625
        ],
        [
            1.5518673658370972,
            564.6148071289062,
            71.02686309814453,
            633.5103149414062
        ],
        [
            575.299072265625,
            825.2211303710938,
            609.294677734375,
            898.3856811523438
        ],
        [
            568.6377563476562,
            545.52294921875,
            641.003173828125,
            633.2103881835938
        ],
        [
            524.9320068359375,
            858.0304565429688,
            580.2877807617188,
            998.013671875
        ],
        [
            298.9679870605469,
            -0.559308648109436,
            655.319580078125,
            304.8095397949219
        ],
        [
            -2.251274347305298,
            1118.8951416015625,
            99.04618072509766,
            1258.116943359375
        ],
        [
            168.8946075439453,
            1015.9970703125,
            316.35382080078125,
            1255.69091796875
        ],
        [
            212.10110473632812,
            1139.934326171875,
            344.8179931640625,
            1258.568359375
        ],
        [
            507.4356689453125,
            546.609375,
            570.3566284179688,
            635.0537109375
        ],
        [
            296.300048828125,
            587.2776489257812,
            318.8988952636719,
            631.4331665039062
        ]
    ],
    "tails": [
        [
            721.351806640625,
            824.2521362304688,
            747.4945678710938,
            858.698486328125
        ],
        [
            139.33509826660156,
            997.9783935546875,
            171.27606201171875,
            1035.49755859375
        ],
        [
            500.0443115234375,
            807.1614990234375,
            531.6056518554688,
            842.5413208007812
        ]
    ],
    "text_character_associations": [
        [
            0,
            16
        ],
        [
            2,
            15
        ],
        [
            3,
            15
        ],
        [
            4,
            18
        ],
        [
            5,
            18
        ]
    ],
    "text_tail_associations": [
        [
            1,
            0
        ],
        [
            2,
            2
        ],
        [
            3,
            2
        ],
        [
            4,
            1
        ],
        [
            5,
            1
        ]
    ],
    "character_cluster_labels": [
        0,
        1,
        2,
        1,
        3,
        4,
        5,
        6,
        7,
        8,
        9,
        10,
        11,
        12,
        13,
        14,
        1,
        1,
        15,
        16,
        17,
        18
    ],
    "is_essential_text": [
        true,
        true,
        true,
        true,
        true,
        true
    ],
    "ocr": [
        "Ah... forget about it...",
        "Good morning!",
        "Ah! Ruri-chan good worn-",
        "Eh?! what are those on your head?!",
        "Morning class.",
        "I hope you're all here."
    ],
    "character_names": [
        "Other",
        "ruri",
        "Other",
        "ruri",
        "Other",
        "Other",
        "Other",
        "Other",
        "Other",
        "Other",
        "Other",
        "Other",
        "Other",
        "mom",
        "Other",
        "ukka",
        "ruri",
        "ruri",
        "teacher",
        "teacher",
        "Other",
        "Other"
    ]
}