{
    "panels": [
        [
            365.4884338378906,
            -1.614890456199646,
            864.618896484375,
            447.52734375
        ],
        [
            42.074527740478516,
            12.39360237121582,
            367.4475402832031,
            452.1766357421875
        ],
        [
            36.41859817504883,
            476.5956115722656,
            864.3878784179688,
            858.205078125
        ],
        [
            630.9417114257812,
            878.6419067382812,
            868.3574829101562,
            1255.39404296875
        ],
        [
            416.52374267578125,
            881.0841674804688,
            618.8726196289062,
            1258.636962890625
        ],
        [
            30.609699249267578,
            873.0336303710938,
            395.533935546875,
            1258.6162109375
        ]
    ],
    "texts": [
        [
            684.4196166992188,
            61.98674011230469,
            821.6424560546875,
            146.71348571777344
        ],
        [
            414.81903076171875,
            77.34478759765625,
            501.0113220214844,
            120.57777404785156
        ],
        [
            410.45928955078125,
            325.82379150390625,
            495.3114318847656,
            391.25860595703125
        ],
        [
            254.91845703125,
            81.04180145263672,
            347.7393493652344,
            158.7839813232422
        ],
        [
            105.33769226074219,
            79.91241455078125,
            197.8979949951172,
            164.08865356445312
        ],
        [
            56.827789306640625,
            379.66796875,
            140.64122009277344,
            421.6861267089844
        ],
        [
            662.331787109375,
            506.1874694824219,
            784.7741088867188,
            620.4169921875
        ],
        [
            265.95947265625,
            518.5407104492188,
            375.28985595703125,
            583.541259765625
        ],
        [
            113.43266296386719,
            557.9462280273438,
            219.3373260498047,
            624.5211791992188
        ],
        [
            77.31988525390625,
            730.4896850585938,
            224.4293975830078,
            831.1361694335938
        ],
        [
            751.5369873046875,
            905.0010375976562,
            825.7286987304688,
            933.4114379882812
        ],
        [
            658.6804809570312,
            900.3593139648438,
            738.3748779296875,
            965.5313720703125
        ],
        [
            441.0653381347656,
            1031.3797607421875,
            518.6803588867188,
            1055.5635986328125
        ]
    ],
    "characters": [
        [
            370.2838439941406,
            658.2615966796875,
            561.21875,
            847.1151733398438
        ],
        [
            707.1566162109375,
            180.50111389160156,
            864.33642578125,
            438.05694580078125
        ],
        [
            376.8219909667969,
            175.8553009033203,
            492.54901123046875,
            282.7132568359375
        ],
        [
            208.7576141357422,
            226.2882080078125,
            363.24957275390625,
            440.008544921875
        ],
        [
            496.6199645996094,
            1023.1575317382812,
            620.6300048828125,
            1256.939453125
        ],
        [
            42.10295867919922,
            208.54483032226562,
            104.11036682128906,
            385.00103759765625
        ],
        [
            414.644287109375,
            1058.43310546875,
            524.125,
            1257.001708984375
        ],
        [
            114.78815460205078,
            234.923583984375,
            275.79150390625,
            443.7391357421875
        ],
        [
            561.5869750976562,
            619.0979614257812,
            806.3849487304688,
            851.8941040039062
        ],
        [
            518.0381469726562,
            163.10845947265625,
            722.437744140625,
            441.0329284667969
        ],
        [
            208.58255004882812,
            639.2271728515625,
            396.3512878417969,
            848.8983764648438
        ],
        [
            377.9380187988281,
            178.6034393310547,
            547.2757568359375,
            421.7874450683594
        ],
        [
            381.82281494140625,
            1062.4427490234375,
            420.7950134277344,
            1257.278076171875
        ],
        [
            634.3779907226562,
            1124.746826171875,
            751.3069458007812,
            1256.490966796875
        ],
        [
            747.4873046875,
            1058.0892333984375,
            827.8947143554688,
            1248.8310546875
        ]
    ],
    "tails": [
        [
            722.5027465820312,
            178.19273376464844,
            767.7868041992188,
            220.04885864257812
        ],
        [
            258.3066711425781,
            194.9329376220703,
            297.6428527832031,
            232.38438415527344
        ],
        [
            698.5824584960938,
            983.7398071289062,
            740.5773315429688,
            1029.5302734375
        ],
        [
            220.7705535888672,
            770.2356567382812,
            251.36512756347656,
            798.0775146484375
        ],
        [
            710.7557983398438,
            627.3037109375,
            736.4385986328125,
            658.0867919921875
        ],
        [
            363.35577392578125,
            629.584716796875,
            406.63543701171875,
            675.00537109375
        ],
        [
            418.3990173339844,
            158.6913299560547,
            444.7049560546875,
            193.61318969726562
        ]
    ],
    "text_character_associations": [
        [
            0,
            9
        ],
        [
            1,
            2
        ],
        [
            2,
            2
        ],
        [
            3,
            3
        ],
        [
            4,
            7
        ],
        [
            5,
            5
        ],
        [
            6,
            8
        ],
        [
            7,
            0
        ],
        [
            8,
            10
        ],
        [
            9,
            10
        ],
        [
            10,
            14
        ],
        [
            11,
            14
        ],
        [
            12,
            4
        ]
    ],
    "text_tail_associations": [
        [
            0,
            0
        ],
        [
            1,
            6
        ],
        [
            3,
            1
        ],
        [
            6,
            4
        ],
        [
            7,
            5
        ],
        [
            9,
            3
        ],
        [
            10,
            2
        ],
        [
            11,
            2
        ]
    ],
    "character_cluster_labels": [
        0,
        1,
        2,
        1,
        1,
        3,
        0,
        0,
        4,
        4,
        1,
        2,
        0,
        5,
        4
    ],
    "is_essential_text": [
        true,
        true,
        true,
        true,
        true,
        true,
        true,
        true,
        true,
        true,
        true,
        true,
        true
    ],
    "ocr": [
        "I'm jealous...let me have a go.",
        "Ah, me too.",
        "Here it goes ...",
        "Boys are not allowed!",
        "What kind of logic is that?",
        "Ehhh...:: stingy.",
        "Then I will tease you lots, tsukimi. How about it?",
        "No, please..., then...",
        "Only 5 minutes, ok?",
        "Oi, don't just decide that on your own like that.",
        "Guys!",
        "Do it later, ok?",
        "I`m sorry..."
    ],