{
    "panels": [
        [
            39.05965805053711,
            -0.7878310680389404,
            859.92041015625,
            311.1739807128906
        ],
        [
            611.16015625,
            351.4757385253906,
            864.4577026367188,
            817.8251953125
        ],
        [
            36.937374114990234,
            328.4676818847656,
            599.7724609375,
            827.0358276367188
        ],
        [
            39.43693542480469,
            843.4620361328125,
            863.6316528320312,
            1257.2965087890625
        ]
    ],
    "texts": [
        [
            645.8739624023438,
            187.5620880126953,
            801.4279174804688,
            253.40963745117188
        ],
        [
            78.44599151611328,
            139.94476318359375,
            242.07229614257812,
            244.50863647460938
        ],
        [
            668.4846801757812,
            700.8599853515625,
            772.0994873046875,
            745.0517578125
        ],
        [
            514.7850952148438,
            390.8459777832031,
            587.8851928710938,
            503.39556884765625
        ],
        [
            356.728271484375,
            402.9662170410156,
            509.6607971191406,
            515.7194213867188
        ],
        [
            81.07444763183594,
            421.6101989746094,
            223.5229034423828,
            498.7835693359375
        ],
        [
            79.57368469238281,
            701.07666015625,
            198.57583618164062,
            798.1907958984375
        ],
        [
            682.4678955078125,
            919.99462890625,
            784.2779541015625,
            1002.7232666015625
        ],
        [
            549.338134765625,
            1071.3721923828125,
            706.5875244140625,
            1191.8587646484375
        ],
        [
            200.260986328125,
            868.9771728515625,
            315.0207824707031,
            946.93896484375
        ],
        [
            89.51031494140625,
            920.5686645507812,
            191.39857482910156,
            963.8089599609375
        ],
        [
            71.94242858886719,
            1043.3814697265625,
            138.8264923095703,
            1067.0067138671875
        ]
    ],
    "characters": [
        [
            266.3622741699219,
            571.1927490234375,
            428.0862731933594,
            814.063232421875
        ],
        [
            273.0587463378906,
            1.8458797931671143,
            643.0958862304688,
            306.06329345703125
        ],
        [
            615.53759765625,
            374.93212890625,
            862.006103515625,
            810.7713012695312
        ],
        [
            180.25694274902344,
            643.9180908203125,
            238.8007354736328,
            729.6539916992188
        ],
        [
            327.0267333984375,
            941.0625,
            525.3096313476562,
            1257.6817626953125
        ]
    ],
    "tails": [
        [
            217.45628356933594,
            512.947509765625,
            272.4295959472656,
            572.8056030273438
        ],
        [
            243.58255004882812,
            228.17697143554688,
            289.1975402832031,
            261.79254150390625
        ],
        [
            599.1907958984375,
            242.066162109375,
            638.1243286132812,
            272.80120849609375
        ],
        [
            400.3529357910156,
            543.268310546875,
            451.1884460449219,
            599.7650146484375
        ],
        [
            686.66796875,
            612.28857421875,
            716.8605346679688,
            655.419921875
        ],
        [
            319.0205383300781,
            888.1112670898438,
            351.10174560546875,
            917.8225708007812
        ],
        [
            203.91641235351562,
            703.927734375,
            254.00540161132812,
            758.696533203125
        ],
        [
            446.5540466308594,
            1027.9073486328125,
            544.7256469726562,
            1109.2127685546875
        ]
    ],
    "text_character_associations": [
        [
            0,
            1
        ],
        [
            1,
            1
        ],
        [
            2,
            2
        ],
        [
            3,
            0
        ],
        [
            4,
            0
        ],
        [
            5,
            0
        ],
        [
            6,
            0
        ],
        [
            7,
            4
        ],
        [
            8,
            4
        ],
        [
            9,
            4
        ],
        [
            10,
            4
        ],
        [
            11,
            4
        ]
    ],
    "text_tail_associations": [
        [
            0,
            2
        ],
        [
            1,
            1
        ],
        [
            2,
            4
        ],
        [
            3,
            3
        ],
        [
            4,
            3
        ],
        [
            5,
            0
        ],
        [
            6,
            6
        ],
        [
            7,
            7
        ],
        [
            8,
            7
        ],
        [
            9,
            5
        ],
        [
            10,
            5
        ]
    ],
    "character_cluster_labels": [
        0,
        0,
        0,
        1,
        0
    ],
    "is_essential_text": [
        true,
        true,
        true,
        true,
        true,
        true,
        true,
        true,
        true,
        true,
        true,
        true
    ],
    "ocr": [
        "Mom! What happened to my body?",
        "You didn't tell me that I would spit fire when I sneezed!",
        "Ah... is that so...",
        "Now is not the time for that!",
        "Why didn't you even explain what was going on with my body?",
        "I just made a heck of a mess, you know?",
        "Hey, what's wrong with your voice?",
        "My throat was burnt!!",
        "I spit fire and what's stranger is that I just threw up blood!!",
        "Haha, you sure are a half- dragon.",
        "How are you now?",
        "Now?"
    ],
    "character_names": [
        "mom",
        "mom",
        "mom",
        "Other",
        "mom"
    ]
}