{
    "panels": [
        [
            316.0216064453125,
            -1.9516236782073975,
            824.7368774414062,
            388.144775390625
        ],
        [
            65.7346420288086,
            2.1251590251922607,
            318.3762512207031,
            385.0405578613281
        ],
        [
            400.26220703125,
            392.6860046386719,
            827.2457885742188,
            1254.104248046875
        ],
        [
            2.3983888626098633,
            410.15692138671875,
            400.4808349609375,
            941.0787353515625
        ],
        [
            -2.9946186542510986,
            953.9283447265625,
            405.477783203125,
            1257.3812255859375
        ]
    ],
    "texts": [
        [
            701.7708740234375,
            234.09793090820312,
            809.852783203125,
            322.3653869628906
        ],
        [
            492.7228088378906,
            268.33624267578125,
            544.706787109375,
            292.5654602050781
        ],
        [
            356.1696472167969,
            262.689208984375,
            466.3655700683594,
            369.878173828125
        ],
        [
            328.5458984375,
            92.3423843383789,
            381.3042297363281,
            138.12705993652344
        ],
        [
            185.224365234375,
            256.3995361328125,
            319.3908996582031,
            363.1195983886719
        ],
        [
            65.05332946777344,
            281.6438293457031,
            130.67327880859375,
            320.3703308105469
        ],
        [
            541.6718139648438,
            469.09930419921875,
            671.43798828125,
            584.9588012695312
        ],
        [
            443.2461242675781,
            1048.8673095703125,
            544.5419921875,
            1094.3394775390625
        ],
        [
            276.1915588378906,
            462.1605224609375,
            384.39501953125,
            542.5006713867188
        ],
        [
            87.99983978271484,
            472.48858642578125,
            256.54656982421875,
            571.1058959960938
        ],
        [
            73.1380615234375,
            718.5259399414062,
            131.1626434326172,
            836.2574462890625
        ],
        [
            259.9439392089844,
            847.9202880859375,
            378.47662353515625,
            892.0487060546875
        ],
        [
            78.63597869873047,
            967.004150390625,
            206.7686309814453,
            1031.961181640625
        ],
        [
            316.78216552734375,
            1162.0167236328125,
            391.173583984375,
            1196.9696044921875
        ],
        [
            35.596580505371094,
            1065.9580078125,
            108.38069915771484,
            1137.473388671875
        ]
    ],
    "characters": [
        [
            421.3343505859375,
            634.3908081054688,
            820.8363647460938,
            1256.543212890625
        ],
        [
            141.94883728027344,
            1046.388671875,
            379.0356140136719,
            1260.0948486328125
        ],
        [
            385.3466491699219,
            105.64541625976562,
            481.97662353515625,
            242.5655517578125
        ],
        [
            66.4770736694336,
            -1.2902764081954956,
            253.6181182861328,
            383.6746826171875
        ],
        [
            138.63262939453125,
            665.599365234375,
            351.3819274902344,
            930.3978271484375
        ],
        [
            548.6075439453125,
            51.67949676513672,
            813.5787963867188,
            378.9706726074219
        ]
    ],
    "tails": [
        [
            120.99104309082031,
            232.08511352539062,
            146.72015380859375,
            261.4234313964844
        ],
        [
            676.0768432617188,
            229.23065185546875,
            702.0985717773438,
            259.994384765625
        ],
        [
            548.7579956054688,
            247.0538330078125,
            573.5363159179688,
            274.452880859375
        ],
        [
            543.0175170898438,
            998.885009765625,
            570.8057250976562,
            1036.933837890625
        ],
        [
            141.4111328125,
            884.4155883789062,
            172.30960083007812,
            928.2845458984375
        ],
        [
            620.1610717773438,
            613.4291381835938,
            673.1895141601562,
            727.237548828125
        ],
        [
            303.0704650878906,
            769.7779541015625,
            333.5198059082031,
            807.3534545898438
        ],
        [
            369.72076416015625,
            135.15792846679688,
            397.18792724609375,
            163.3766326904297
        ],
        [
            273.45355224609375,
            1182.3570556640625,
            307.8705749511719,
            1214.1317138671875
        ],
        [
            119.87562561035156,
            617.947998046875,
            149.80142211914062,
            655.8941650390625
        ]
    ],
    "text_character_associations": [
        [
            0,
            5
        ],
        [
            1,
            5
        ],
        [
            2,
            5
        ],
        [
            3,
            2
        ],
        [
            4,
            3
        ],
        [
            5,
            3
        ],
        [
            6,
            0
        ],
        [
            7,
            0
        ],
        [
            8,
            4
        ],
        [
            9,
            4
        ],
        [
            10,
            4
        ],
        [
            11,
            4
        ],
        [
            13,
            1
        ],
        [
            14,
            1
        ]
    ],
    "text_tail_associations": [
        [
            0,
            1
        ],
        [
            1,
            2
        ],
        [
            2,
            2
        ],
        [
            3,
            7
        ],
        [
            5,
            0
        ],
        [
            6,
            5
        ],
        [
            7,
            3
        ],
        [
            8,
            9
        ],
        [
            9,
            9
        ],
        [
            11,
            6
        ],
        [
            12,
            4
        ],
        [
            13,
            8
        ]
    ],
    "character_cluster_labels": [
        0,
        0,
        1,
        0,
        0,
        0
    ],
    "is_essential_text": [
        true,
        true,
        true,
        true,
        true,
        true,
        true,
        true,
        true,
        true,
        false,
        true,
        true,
        true,
        false
    ],
    "ocr": [
        "I'm stopping the blee- ding in the infirmary.",
        "Hey...",
        "Can you tell me everything you know about dragons?",
        "Please be quiet...",
        "It will be really troublesome for me if this happens again...",
        "About that...",
        "I don't know much about it, either.",
        "What?",
        "I would have told you had I known.",
        "By the way, no sneezing for the rest of the day.",
        "?!?!",
        "Don't be absurd!",
        "Well then, back to work now.",
        "Ah!!",
        "Bye bye"
    ],
    "character_names": [
        "ruri",
        "ruri",
        "ukka",
        "ruri",
        "ruri",
        "ruri"
    ]
}