{
    "panels": [
        [
            511.1443176269531,
            0.2122569978237152,
            865.5449829101562,
            366.0565490722656
        ],
        [
            46.93473434448242,
            -0.2057470828294754,
            503.28863525390625,
            374.2130126953125
        ],
        [
            37.69997024536133,
            419.8734436035156,
            861.5584106445312,
            574.1962890625
        ],
        [
            36.68968963623047,
            598.0360717773438,
            868.1926879882812,
            861.126953125
        ],
        [
            280.72784423828125,
            856.934814453125,
            807.3931884765625,
            1260.357666015625
        ],
        [
            45.98208236694336,
            846.4739990234375,
            269.1593933105469,
            1252.2208251953125
        ]
    ],
    "texts": [
        [
            314.8841247558594,
            76.90464782714844,
            459.79522705078125,
            160.6519317626953
        ],
        [
            175.64756774902344,
            366.5340270996094,
            505.2010192871094,
            387.9486999511719
        ],
        [
            107.59566497802734,
            286.4390869140625,
            159.35545349121094,
            314.0057067871094
        ],
        [
            331.6127014160156,
            931.2066650390625,
            417.6101989746094,
            985.3234252929688
        ],
        [
            164.04981994628906,
            1120.525634765625,
            239.87355041503906,
            1152.3521728515625
        ]
    ],
    "characters": [
        [
            520.4491577148438,
            974.2032470703125,
            601.8290405273438,
            1250.9381103515625
        ],
        [
            472.8885498046875,
            1106.7022705078125,
            512.606689453125,
            1255.33203125
        ],
        [
            204.50889587402344,
            154.92250061035156,
            275.1747741699219,
            313.23443603515625
        ],
        [
            514.8255004882812,
            -0.857620358467102,
            862.4132690429688,
            360.7842102050781
        ],
        [
            327.280517578125,
            211.1276092529297,
            447.4727478027344,
            363.66412353515625
        ],
        [
            95.08152770996094,
            865.7991333007812,
            259.53851318359375,
            1257.76806640625
        ]
    ],
    "tails": [
        [
            405.9825439453125,
            1022.7747802734375,
            441.5960693359375,
            1051.83251953125
        ],
        [
            130.7301788330078,
            1057.416748046875,
            156.11740112304688,
            1092.8565673828125
        ],
        [
            289.310546875,
            165.10592651367188,
            319.9032287597656,
            193.71998596191406
        ],
        [
            156.02650451660156,
            301.4006042480469,
            189.38546752929688,
            328.3187561035156
        ]
    ],
    "text_character_associations": [
        [
            0,
            2
        ],
        [
            2,
            2
        ],
        [
            3,
            0
        ],
        [
            4,
            5
        ]
    ],
    "text_tail_associations": [
        [
            0,
            2
        ],
        [
            2,
            3
        ],
        [
            3,
            0
        ],
        [
            4,
            1
        ]
    ],
    "character_cluster_labels": [
        0,
        1,
        2,
        2,
        3,
        0
    ],
    "is_essential_text": [
        true,
        false,
        true,
        true,
        true
    ],
    "ocr": [
        "Hey Sensei, teach me how to stop my sneezing!",
        "TUN: She actually said Hey in English Iraq",
        "Eh...",
        "I'm home!",
        "Ruri?"
    ],
    "character_names": [
        "mom",
        "Other",
        "ruri",
        "ruri",
        "ukka",
        "mom"
    ]
}