{
    "panels": [
        [
            304.42572021484375,
            -0.16096562147140503,
            863.8386840820312,
            333.609619140625
        ],
        [
            42.75768280029297,
            -2.334864616394043,
            300.5415344238281,
            336.81378173828125
        ],
        [
            39.462867736816406,
            363.4840087890625,
            867.6408081054688,
            619.4998168945312
        ],
        [
            289.4963684082031,
            598.685546875,
            867.957763671875,
            1256.7431640625
        ],
        [
            38.50407028198242,
            635.8514404296875,
            299.1886291503906,
            1256.44140625
        ]
    ],
    "texts": [
        [
            683.842529296875,
            194.67604064941406,
            795.348876953125,
            265.0990905761719
        ],
        [
            328.53704833984375,
            193.84185791015625,
            442.3752746582031,
            265.1422424316406
        ],
        [
            206.6670379638672,
            202.26870727539062,
            266.3240051269531,
            230.383544921875
        ],
        [
            83.32081604003906,
            316.573974609375,
            211.6476287841797,
            425.48272705078125
        ],
        [
            727.6060791015625,
            665.1891479492188,
            787.2161254882812,
            697.4398803710938
        ],
        [
            676.8123168945312,
            805.4655151367188,
            735.2185668945312,
            841.1808471679688
        ],
        [
            661.6401977539062,
            934.7766723632812,
            771.64892578125,
            1080.329345703125
        ],
        [
            319.70281982421875,
            709.7208251953125,
            381.8073425292969,
            743.8026123046875
        ],
        [
            189.1399688720703,
            679.4544067382812,
            266.0847473144531,
            709.0917358398438
        ],
        [
            89.01901245117188,
            702.194580078125,
            183.52833557128906,
            759.1670532226562
        ],
        [
            94.46051788330078,
            1130.623291015625,
            168.84841918945312,
            1158.7481689453125
        ]
    ],
    "characters": [
        [
            331.33843994140625,
            563.4490356445312,
            752.24169921875,
            1253.107421875
        ],
        [
            211.07542419433594,
            936.8233642578125,
            275.5466613769531,
            1027.6846923828125
        ],
        [
            421.0715026855469,
            -0.16702528297901154,
            705.6312255859375,
            328.8840637207031
        ],
        [
            43.50363540649414,
            906.026611328125,
            210.70523071289062,
            1257.416748046875
        ]
    ],
    "tails": [
        [
            92.99822235107422,
            800.3271484375,
            117.57646179199219,
            838.3063354492188
        ],
        [
            165.97305297851562,
            1066.76904296875,
            204.15164184570312,
            1126.5333251953125
        ],
        [
            359.9695129394531,
            751.6284790039062,
            384.1545715332031,
            778.2843627929688
        ]
    ],
    "text_character_associations": [
        [
            0,
            2
        ],
        [
            1,
            2
        ],
        [
            2,
            2
        ],
        [
            3,
            0
        ],
        [
            4,
            0
        ],
        [
            5,
            0
        ],
        [
            6,
            0
        ],
        [
            7,
            0
        ],
        [
            8,
            1
        ],
        [
            9,
            3
        ],
        [
            10,
            3
        ]
    ],
    "text_tail_associations": [
        [
            7,
            2
        ],
        [
            8,
            0
        ],
        [
            9,
            0
        ],
        [
            10,
            1
        ]
    ],
    "character_cluster_labels": [
        0,
        1,
        2,
        2
    ],
    "is_essential_text": [
        true,
        true,
        true,
        true,
        true,
        true,
        true,
        true,
        true,
        true,
        true
    ],
    "ocr": [
        "Don't ask me about it.",
        "Save it for your Dad.",
        "So...",
        "She told me to figure all these out myself.",
        "HAH",
        "HAH",
        "Why am I here so deep in the mourn- tains...",
        "HAH",
        "Mom!",
        "Why now?",
        "AH...?"
    ],
    "character_names": [
        "ukka",
        "Other",
        "ruri",
        "ruri"
    ]
}