{
    "panels": [
        [
            3.608471393585205,
            0.4638338088989258,
            1209.9237060546875,
            483.4728698730469
        ],
        [
            886.6083374023438,
            479.2545166015625,
            1207.0858154296875,
            879.9404296875
        ],
        [
            649.0501708984375,
            515.3829956054688,
            878.7725830078125,
            733.0885009765625
        ],
        [
            640.6205444335938,
            753.9962158203125,
            855.9946899414062,
            879.274658203125
        ],
        [
            185.803955078125,
            512.3053588867188,
            558.1832885742188,
            877.9110107421875
        ],
        [
            -0.5568463206291199,
            504.6402282714844,
            178.64913940429688,
            880.775634765625
        ]
    ],
    "texts": [
        [
            816.7483520507812,
            764.4794921875,
            856.1051025390625,
            792.119873046875
        ],
        [
            92.37202453613281,
            524.4639892578125,
            165.4569549560547,
            586.2442626953125
        ]
    ],
    "characters": [
        [
            0.7882413864135742,
            570.2896118164062,
            176.05206298828125,
            878.4161376953125
        ],
        [
            358.1212158203125,
            145.7425079345703,
            832.00537109375,
            430.3818359375
        ],
        [
            818.25439453125,
            302.9677734375,
            869.3491821289062,
            407.78192138671875
        ],
        [
            194.7215118408203,
            519.7109985351562,
            552.774658203125,
            760.5482177734375
        ],
        [
            688.8590087890625,
            518.9075317382812,
            879.65576171875,
            730.0660400390625
        ],
        [
            651.454345703125,
            758.335693359375,
            811.9273681640625,
            872.9527587890625
        ],
        [
            303.2807312011719,
            670.7779541015625,
            438.73406982421875,
            855.9236450195312
        ]
    ],
    "tails": [
        [
            119.64070892333984,
            591.1353149414062,
            148.63131713867188,
            620.4048461914062
        ]
    ],
    "text_character_associations": [
        [
            0,
            5
        ],
        [
            1,
            0
        ]
    ],
    "text_tail_associations": [
        [
            1,
            0
        ]
    ],
    "character_cluster_labels": [
        0,
        1,
        0,
        1,
        0,
        2,
        0
    ],
    "is_essential_text": [
        true,
        true
    ],
    "ocr": [
        "H!!!...",
        "AH... Um..."
    ],
    "character_names": [
        "ruri",
        "Other",
        "ruri",
        "Other",
        "ruri",
        "Other",
        "ruri"
    ]
}