{
    "panels": [
        [
            18.158166885375977,
            1.7508575916290283,
            815.1500244140625,
            295.5692443847656
        ],
        [
            527.4172973632812,
            319.7508544921875,
            820.7984619140625,
            678.5704345703125
        ],
        [
            -0.02343311905860901,
            322.36175537109375,
            525.0895385742188,
            680.130615234375
        ],
        [
            613.2859497070312,
            701.0062866210938,
            819.8206787109375,
            1189.412841796875
        ],
        [
            87.7169418334961,
            694.8634643554688,
            612.6030883789062,
            1257.5462646484375
        ],
        [
            0.15149356424808502,
            697.5455322265625,
            92.3642578125,
            1252.2412109375
        ]
    ],
    "texts": [
        [
            625.0465698242188,
            62.07734680175781,
            780.6995849609375,
            133.4422607421875
        ],
        [
            556.579345703125,
            167.2344207763672,
            679.897705078125,
            286.71136474609375
        ],
        [
            60.08754348754883,
            155.3304901123047,
            167.3426513671875,
            227.26817321777344
        ],
        [
            605.4910278320312,
            345.43701171875,
            770.0826416015625,
            438.1797790527344
        ],
        [
            552.3034057617188,
            586.6500244140625,
            630.5579833984375,
            614.7559204101562
        ],
        [
            351.232177734375,
            521.5025024414062,
            502.6250915527344,
            612.3616333007812
        ],
        [
            686.1146850585938,
            747.0557861328125,
            773.3762817382812,
            776.436767578125
        ],
        [
            464.1784973144531,
            744.382568359375,
            574.0227661132812,
            851.0977172851562
        ],
        [
            112.64622497558594,
            751.6728515625,
            242.81393432617188,
            832.831787109375
        ]
    ],
    "characters": [
        [
            403.5865173339844,
            852.0285034179688,
            605.9072875976562,
            1157.8953857421875
        ],
        [
            1.7007153034210205,
            711.7034301757812,
            88.50865936279297,
            1255.348388671875
        ],
        [
            689.6131591796875,
            187.11021423339844,
            821.0078735351562,
            291.70989990234375
        ],
        [
            622.8995361328125,
            799.1246948242188,
            819.0145874023438,
            1042.5323486328125
        ],
        [
            620.0115356445312,
            479.2465515136719,
            759.021728515625,
            643.5833129882812
        ],
        [
            325.84326171875,
            1.368320345878601,
            626.4786987304688,
            288.9179382324219
        ],
        [
            0.005014017224311829,
            326.550537109375,
            430.5334777832031,
            672.497802734375
        ],
        [
            240.6409454345703,
            166.87806701660156,
            353.1566162109375,
            289.78118896484375
        ]
    ],
    "tails": [
        [
            455.8104248046875,
            877.79443359375,
            502.1959228515625,
            914.2352905273438
        ],
        [
            632.34521484375,
            588.07080078125,
            665.90185546875,
            617.0377807617188
        ],
        [
            304.47674560546875,
            585.9802856445312,
            338.6844787597656,
            614.6109619140625
        ],
        [
            110.88632202148438,
            857.8753051757812,
            143.9829864501953,
            906.8770141601562
        ]
    ],
    "text_character_associations": [
        [
            0,
            5
        ],
        [
            1,
            5
        ],
        [
            2,
            7
        ],
        [
            3,
            4
        ],
        [
            4,
            4
        ],
        [
            5,
            6
        ],
        [
            6,
            6
        ],
        [
            7,
            0
        ]
    ],
    "text_tail_associations": [
        [
            4,
            1
        ],
        [
            5,
            2
        ],
        [
            7,
            0
        ],
        [
            8,
            3
        ]
    ],
    "character_cluster_labels": [
        0,
        1,
        2,
        0,
        3,
        0,
        3,
        3
    ],
    "is_essential_text": [
        true,
        true,
        true,
        true,
        true,
        true,
        true,
        true,
        true
    ],
    "ocr": [
        "But you finally came...",
        "Time sure flies, I remember you were still so little back then...",
        "He sure is Tal- Kative.",
        "He's H-Huge, but I can talk to him fortunately.",
        "UMM...",
        "I have something to ask.",
        "Hmm...",
        "Let's head inside first.",
        "You must be tired."
    ],
    "character_names": [
        "Other",
        "Other",
        "Other",
        "Other",
        "ruri",
        "Other",
        "ruri",
        "ruri"
    ]
}