{
    "panels": [
        [
            349.0644836425781,
            2.1589841842651367,
            823.5660400390625,
            331.91351318359375
        ],
        [
            90.99760437011719,
            1.2022706270217896,
            351.28961181640625,
            326.2721252441406
        ],
        [
            -0.299030065536499,
            1.9713973999023438,
            83.3426742553711,
            324.5479431152344
        ],
        [
            41.10862350463867,
            404.3484191894531,
            817.3203735351562,
            520.8275756835938
        ],
        [
            -3.1504783630371094,
            525.525634765625,
            821.6079711914062,
            911.118408203125
        ],
        [
            519.375244140625,
            909.1708374023438,
            814.8369140625,
            1258.363525390625
        ],
        [
            -0.5580897331237793,
            902.2599487304688,
            514.3701171875,
            1256.869140625
        ]
    ],
    "texts": [
        [
            752.9658203125,
            124.52688598632812,
            802.6846313476562,
            153.7819061279297
        ],
        [
            635.7998657226562,
            168.5094757080078,
            758.9513549804688,
            257.43408203125
        ],
        [
            228.09542846679688,
            201.54347229003906,
            365.1350402832031,
            267.96466064453125
        ],
        [
            612.3213500976562,
            447.4710998535156,
            683.9916381835938,
            495.8486022949219
        ],
        [
            660.5860595703125,
            606.4252319335938,
            799.3535766601562,
            681.1459350585938
        ],
        [
            230.71377563476562,
            584.3935546875,
            300.5505065917969,
            624.311279296875
        ],
        [
            104.7767562866211,
            615.8218383789062,
            226.74412536621094,
            694.7848510742188
        ],
        [
            687.6844482421875,
            940.050048828125,
            778.43017578125,
            967.3666381835938
        ],
        [
            583.3522338867188,
            960.216064453125,
            671.3611450195312,
            1009.2576904296875
        ],
        [
            407.6076965332031,
            955.8857421875,
            510.3563232421875,
            1024.0159912109375
        ],
        [
            304.404541015625,
            946.4901123046875,
            397.552978515625,
            1034.7476806640625
        ],
        [
            42.00947189331055,
            957.6190795898438,
            145.9127197265625,
            1014.3846435546875
        ],
        [
            48.302799224853516,
            1118.9520263671875,
            116.65035247802734,
            1149.10986328125
        ]
    ],
    "characters": [
        [
            526.4464111328125,
            1035.383544921875,
            802.0543212890625,
            1256.457763671875
        ],
        [
            5.526091575622559,
            1.9017674922943115,
            87.95954132080078,
            287.6933288574219
        ],
        [
            282.5939025878906,
            1083.5689697265625,
            469.5658874511719,
            1219.6785888671875
        ],
        [
            385.0324401855469,
            1.3328254222869873,
            741.0934448242188,
            328.7104797363281
        ],
        [
            706.6510620117188,
            777.87353515625,
            816.7591552734375,
            900.7883911132812
        ]
    ],
    "tails": [
        [
            590.8843994140625,
            200.6200408935547,
            623.323974609375,
            230.3408966064453
        ],
        [
            623.6475219726562,
            1033.7669677734375,
            649.4508666992188,
            1064.8922119140625
        ],
        [
            337.9822692871094,
            1053.3326416015625,
            365.8218078613281,
            1084.248291015625
        ],
        [
            256.07403564453125,
            642.7662963867188,
            284.0552978515625,
            676.8720703125
        ],
        [
            362.2007141113281,
            275.9101867675781,
            396.8273010253906,
            304.7573547363281
        ]
    ],
    "text_character_associations": [
        [
            0,
            3
        ],
        [
            1,
            3
        ],
        [
            2,
            3
        ],
        [
            3,
            3
        ],
        [
            4,
            3
        ],
        [
            6,
            0
        ],
        [
            7,
            0
        ],
        [
            8,
            0
        ],
        [
            9,
            2
        ],
        [
            10,
            2
        ],
        [
            11,
            0
        ],
        [
            12,
            2
        ]
    ],
    "text_tail_associations": [
        [
            0,
            0
        ],
        [
            1,
            0
        ],
        [
            2,
            4
        ],
        [
            5,
            3
        ],
        [
            6,
            3
        ],
        [
            7,
            1
        ],
        [
            8,
            1
        ],
        [
            9,
            2
        ],
        [
            10,
            2
        ]
    ],
    "character_cluster_labels": [
        0,
        1,
        0,
        0,
        2
    ],
    "is_essential_text": [
        true,
        true,
        true,
        true,
        true,
        true,
        true,
        true,
        true,
        true,
        true,
        true,
        true
    ],
    "ocr": [
        "Dad,",
        "Tell me something about dragons.",
        "I came all this way, you know...",
        "Heh... then,",
        "Did you first meet Mom here?",
        "That's right.",
        "Well, this is my shrine after all.",
        "Ah, Dad",
        "In that case...",
        "Can dragons fly?",
        "Despite having no wings...",
        "No, I do have wings.",
        "Hah?"
    ],
    "character_names": [
        "ruri",
        "Other",
        "ruri",
        "ruri",
        "Other"
    ]
}