{
    "panels": [
        [
            683.6183471679688,
            -0.9844042062759399,
            820.7835083007812,
            322.2901611328125
        ],
        [
            271.3825988769531,
            0.48102080821990967,
            686.5778198242188,
            322.9681701660156
        ],
        [
            -0.03980278968811035,
            3.0023465156555176,
            266.9355163574219,
            317.9921875
        ],
        [
            383.5852966308594,
            328.05303955078125,
            825.4384765625,
            1257.6201171875
        ],
        [
            -2.0009796619415283,
            350.1162414550781,
            402.68096923828125,
            630.0825805664062
        ],
        [
            -2.130119562149048,
            633.1119384765625,
            393.8468322753906,
            1257.5408935546875
        ]
    ],
    "texts": [
        [
            696.972412109375,
            183.6389923095703,
            791.9781494140625,
            229.26724243164062
        ],
        [
            564.9146728515625,
            172.3607940673828,
            674.7380981445312,
            279.3083801269531
        ],
        [
            294.5528259277344,
            148.0853729248047,
            390.13250732421875,
            255.2496337890625
        ],
        [
            189.43028259277344,
            180.30038452148438,
            252.05931091308594,
            208.2667236328125
        ],
        [
            112.73494720458984,
            228.67083740234375,
            196.40110778808594,
            274.0976867675781
        ],
        [
            599.943115234375,
            410.551025390625,
            732.6683349609375,
            514.177490234375
        ],
        [
            301.0564270019531,
            347.57861328125,
            394.70965576171875,
            622.0983276367188
        ],
        [
            200.83248901367188,
            710.2561645507812,
            294.6005554199219,
            776.5381469726562
        ],
        [
            88.65503692626953,
            727.2223510742188,
            201.82130432128906,
            854.5784912109375
        ],
        [
            265.51507568359375,
            1075.48486328125,
            366.93902587890625,
            1157.7940673828125
        ],
        [
            175.04714965820312,
            1124.4775390625,
            278.48822021484375,
            1223.031982421875
        ]
    ],
    "characters": [
        [
            3.023310661315918,
            355.7359619140625,
            311.6152038574219,
            614.7061767578125
        ],
        [
            15.441329956054688,
            41.533512115478516,
            264.478759765625,
            307.97161865234375
        ],
        [
            146.88558959960938,
            941.8231201171875,
            246.8038787841797,
            1026.4835205078125
        ],
        [
            16.9566593170166,
            50.369171142578125,
            191.42747497558594,
            306.6282653808594
        ],
        [
            690.3428344726562,
            2.2456815242767334,
            819.3712158203125,
            154.81298828125
        ]
    ],
    "tails": [],
    "text_character_associations": [
        [
            0,
            4
        ],
        [
            1,
            4
        ],
        [
            2,
            0
        ],
        [
            3,
            1
        ],
        [
            4,
            1
        ],
        [
            5,
            0
        ],
        [
            6,
            0
        ],
        [
            7,
            0
        ],
        [
            8,
            2
        ],
        [
            9,
            2
        ],
        [
            10,
            2
        ]
    ],
    "text_tail_associations": [],
    "character_cluster_labels": [
        0,
        1,
        0,
        0,
        2
    ],
    "is_essential_text": [
        true,
        true,
        true,
        true,
        true,
        true,
        false,
        true,
        true,
        true,
        true
    ],
    "ocr": [
        "To be honest,",
        "I have always wanted to carry you",
        "on my back and fly to the sky.",
        "Eh...?",
        "W-Wait UHM....",
        "Hold on tight!",
        "I am sorry",
        "Dad, I haven't ...",
        "said \"Yes\" yet!",
        "Dad, it's fast, too fast!",
        "I'm gonna die!!!"
    ],
    "character_names": [
        "ruri",
        "ruri",
        "ruri",
        "ruri",
        "Other"
    ]
}