{
    "panels": [
        [
            -1.0836206674575806,
            -3.1370849609375,
            820.762939453125,
            431.57037353515625
        ],
        [
            257.7980651855469,
            462.30841064453125,
            823.0679321289062,
            823.6594848632812
        ],
        [
            1.5865561962127686,
            460.4865417480469,
            254.0312042236328,
            821.0546264648438
        ],
        [
            3.510843276977539,
            851.7297973632812,
            817.594970703125,
            1260.0894775390625
        ]
    ],
    "texts": [
        [
            642.3340454101562,
            227.03250122070312,
            764.9213256835938,
            344.7428894042969
        ],
        [
            313.9170227050781,
            68.35860443115234,
            388.2134094238281,
            158.189208984375
        ],
        [
            199.99160766601562,
            81.415283203125,
            282.64276123046875,
            172.19329833984375
        ],
        [
            97.65318298339844,
            247.41729736328125,
            215.1627960205078,
            377.44268798828125
        ],
        [
            94.94712829589844,
            139.73854064941406,
            175.30169677734375,
            167.64251708984375
        ],
        [
            734.4666748046875,
            533.7555541992188,
            799.9039916992188,
            558.7608032226562
        ],
        [
            324.4710998535156,
            500.2669677734375,
            426.2795104980469,
            595.6129760742188
        ],
        [
            282.37677001953125,
            636.5164794921875,
            371.8939208984375,
            767.3941650390625
        ],
        [
            86.6481704711914,
            739.6759033203125,
            182.1714324951172,
            763.6732177734375
        ],
        [
            60.0933837890625,
            917.3446655273438,
            271.05670166015625,
            1070.96875
        ],
        [
            163.85556030273438,
            1141.6448974609375,
            248.36666870117188,
            1202.4896240234375
        ]
    ],
    "characters": [
        [
            425.2567138671875,
            474.9330139160156,
            706.1985473632812,
            815.0486450195312
        ],
        [
            39.99807357788086,
            569.1570434570312,
            118.80182647705078,
            736.5884399414062
        ],
        [
            191.5232391357422,
            867.45703125,
            787.4468994140625,
            1258.0487060546875
        ],
        [
            527.2567138671875,
            108.81206512451172,
            814.4058227539062,
            427.9832763671875
        ],
        [
            162.92140197753906,
            523.119873046875,
            254.7081298828125,
            813.083251953125
        ],
        [
            387.0639953613281,
            203.37095642089844,
            505.49884033203125,
            420.3582458496094
        ]
    ],
    "tails": [
        [
            258.5216064453125,
            1056.0694580078125,
            320.2463684082031,
            1093.3291015625
        ],
        [
            101.84613037109375,
            677.7996826171875,
            127.12046813964844,
            712.3177490234375
        ],
        [
            240.9024200439453,
            193.79827880859375,
            277.1109313964844,
            234.71888732910156
        ],
        [
            594.6202392578125,
            265.48870849609375,
            628.663818359375,
            298.20758056640625
        ],
        [
            128.49635314941406,
            1188.0762939453125,
            162.62693786621094,
            1220.551025390625
        ]
    ],
    "text_character_associations": [
        [
            0,
            3
        ],
        [
            1,
            5
        ],
        [
            3,
            3
        ],
        [
            5,
            0
        ],
        [
            6,
            0
        ],
        [
            7,
            0
        ],
        [
            8,
            1
        ],
        [
            9,
            2
        ],
        [
            10,
            2
        ]
    ],
    "text_tail_associations": [
        [
            0,
            3
        ],
        [
            1,
            2
        ],
        [
            2,
            2
        ],
        [
            3,
            2
        ],
        [
            8,
            1
        ],
        [
            9,
            0
        ],
        [
            10,
            4
        ]
    ],
    "character_cluster_labels": [
        0,
        1,
        2,
        2,
        3,
        0
    ],
    "is_essential_text": [
        true,
        true,
        true,
        true,
        true,
        true,
        true,
        true,
        true,
        true,
        true
    ],
    "ocr": [
        "Eh... you can fly?",
        "Not until last year.",
        "Want me to show you?",
        "Ohhh, is this the infamous \"Lover's quarrel\" I've heard of before?",
        "What?!",
        "I see...",
        "Now I know, who my real father is,",
        "And the origin of my horns. I finally get to know.",
        "alrighty.",
        "It's rare for us to get together like this, so let's take a picture together, shall we?",
        "Ha?"
    ],
    "character_names": [
        "ruri",
        "Other",
        "mom",
        "mom",
        "Other",
        "ruri"
    ]
}