{
    "panels": [
        [
            3.278703212738037,
            -0.008854985237121582,
            819.2630615234375,
            336.3700866699219
        ],
        [
            496.0412292480469,
            357.9290771484375,
            829.0907592773438,
            763.3861083984375
        ],
        [
            1.5919827222824097,
            364.7972412109375,
            486.0604248046875,
            763.4364013671875
        ],
        [
            641.48681640625,
            786.5470581054688,
            822.4843139648438,
            1191.3695068359375
        ],
        [
            202.0631866455078,
            787.226318359375,
            641.852294921875,
            1184.4161376953125
        ],
        [
            1.937698483467102,
            790.1883544921875,
            202.16473388671875,
            1257.646484375
        ]
    ],
    "texts": [
        [
            663.171630859375,
            74.57471466064453,
            768.497802734375,
            163.2990264892578
        ],
        [
            528.8926391601562,
            174.60107421875,
            657.921875,
            262.6312255859375
        ],
        [
            633.2327880859375,
            363.4796447753906,
            737.9899291992188,
            410.4550476074219
        ],
        [
            516.0609130859375,
            421.0550231933594,
            584.4382934570312,
            467.00213623046875
        ],
        [
            357.6424865722656,
            402.9447021484375,
            466.0817565917969,
            506.78216552734375
        ],
        [
            37.86732864379883,
            643.0637817382812,
            150.60276794433594,
            683.732177734375
        ],
        [
            617.6304321289062,
            851.6248168945312,
            690.9881591796875,
            891.544921875
        ],
        [
            505.354736328125,
            968.0880126953125,
            618.0352783203125,
            1037.201904296875
        ],
        [
            241.2855987548828,
            1023.31103515625,
            341.30316162109375,
            1132.6832275390625
        ],
        [
            123.78558349609375,
            807.2171630859375,
            170.4359893798828,
            837.8590087890625
        ],
        [
            41.24824142456055,
            862.5390625,
            120.49314880371094,
            889.9444580078125
        ],
        [
            148.76687622070312,
            991.0970458984375,
            176.02435302734375,
            1021.4016723632812
        ]
    ],
    "characters": [
        [
            119.97373962402344,
            -0.006003379821777344,
            527.1641235351562,
            331.22698974609375
        ],
        [
            250.51063537597656,
            494.50335693359375,
            450.8540344238281,
            751.1248168945312
        ],
        [
            156.60841369628906,
            549.492431640625,
            296.8138427734375,
            753.2618408203125
        ],
        [
            95.37195587158203,
            1054.325439453125,
            202.31121826171875,
            1256.9385986328125
        ],
        [
            562.8092651367188,
            533.0501708984375,
            648.5283813476562,
            751.1650390625
        ],
        [
            -0.8039312958717346,
            969.123291015625,
            162.34628295898438,
            1256.716552734375
        ],
        [
            8.286739349365234,
            374.1159973144531,
            290.01422119140625,
            755.778564453125
        ],
        [
            703.6248168945312,
            405.38970947265625,
            826.1823120117188,
            753.4376220703125
        ],
        [
            644.9703979492188,
            795.1968383789062,
            822.5750732421875,
            1179.79150390625
        ]
    ],
    "tails": [
        [
            653.5944213867188,
            449.4391174316406,
            682.1259765625,
            478.544189453125
        ],
        [
            288.3753356933594,
            427.42938232421875,
            344.5494384765625,
            458.8161926269531
        ],
        [
            545.9783935546875,
            477.56292724609375,
            570.2736206054688,
            504.1829833984375
        ],
        [
            75.22053527832031,
            927.8831176757812,
            100.04345703125,
            961.236572265625
        ],
        [
            149.30801391601562,
            692.2218017578125,
            188.83570861816406,
            722.0794677734375
        ],
        [
            150.48626708984375,
            1013.9849853515625,
            171.59666442871094,
            1042.3033447265625
        ]
    ],
    "text_character_associations": [
        [
            0,
            0
        ],
        [
            1,
            0
        ],
        [
            2,
            4
        ],
        [
            3,
            4
        ],
        [
            4,
            6
        ],
        [
            5,
            2
        ],
        [
            6,
            8
        ],
        [
            7,
            8
        ],
        [
            8,
            8
        ],
        [
            9,
            5
        ],
        [
            10,
            5
        ],
        [
            11,
            3
        ]
    ],
    "text_tail_associations": [
        [
            2,
            0
        ],
        [
            3,
            2
        ],
        [
            4,
            1
        ],
        [
            5,
            4
        ],
        [
            10,
            3
        ],
        [
            11,
            5
        ]
    ],
    "character_cluster_labels": [
        0,
        0,
        0,
        0,
        0,
        0,
        1,
        0,
        0
    ],
    "is_essential_text": [
        true,
        true,
        true,
        true,
        true,
        true,
        true,
        true,
        true,
        true,
        true,
        true
    ],
    "ocr": [
        "If I have to compare, then...",
        "You still look more like a human.",
        "So don't worry.",
        "OK, we have 10 seconds.",
        "Didn't you tell me that I wasn't a human?",
        "I don't remember~",
        "To be honest,",
        "Even if I'm not a human,",
        "It's not the end of the world, but...",
        "Ah,",
        "Sorry.",
        "?."
    ],
    "character_names": [
        "ruri",
        "ruri",
        "ruri",
        "ruri",
        "ruri",
        "ruri",
        "Other",
        "ruri",
        "ruri"
    ]
}