{
    "panels": [
        [
            562.2220458984375,
            -0.5194424390792847,
            755.5145263671875,
            218.48263549804688
        ],
        [
            55.1885871887207,
            1.955891728401184,
            525.64306640625,
            223.0062713623047
        ],
        [
            10.14315414428711,
            326.1080627441406,
            802.7738647460938,
            1246.1328125
        ]
    ],
    "texts": [
        [
            633.6257934570312,
            208.44149780273438,
            695.5342407226562,
            234.15760803222656
        ],
        [
            396.7640075683594,
            208.62503051757812,
            447.25787353515625,
            236.2656707763672
        ],
        [
            141.1089630126953,
            208.74208068847656,
            186.66009521484375,
            235.03924560546875
        ],
        [
            109.86725616455078,
            237.77667236328125,
            730.82568359375,
            325.80987548828125
        ],
        [
            345.9920959472656,
            448.8441467285156,
            794.047119140625,
            571.79443359375
        ],
        [
            162.56744384765625,
            719.3304443359375,
            700.788330078125,
            1075.9591064453125
        ],
        [
            210.66293334960938,
            389.99798583984375,
            305.3905029296875,
            442.0433044433594
        ],
        [
            179.8741455078125,
            1141.0029296875,
            683.70263671875,
            1203.2596435546875
        ]
    ],
    "characters": [
        [
            65.23917388916016,
            4.475463390350342,
            275.28826904296875,
            210.5952606201172
        ],
        [
            568.3314819335938,
            -0.19228637218475342,
            748.8877563476562,
            215.74761962890625
        ],
        [
            321.26837158203125,
            5.830407619476318,
            519.0113525390625,
            217.61654663085938
        ],
        [
            7.3543806076049805,
            344.43585205078125,
            315.34912109375,
            684.6138916015625
        ]
    ],
    "tails": [
        [
            219.57545471191406,
            484.66400146484375,
            249.0193328857422,
            517.6112670898438
        ]
    ],
    "text_character_associations": [
        [
            0,
            1
        ],
        [
            1,
            2
        ],
        [
            2,
            0
        ],
        [
            4,
            3
        ],
        [
            5,
            3
        ],
        [
            6,
            3
        ],
        [
            7,
            3
        ]
    ],
    "text_tail_associations": [
        [
            6,
            0
        ]
    ],
    "character_cluster_labels": [
        0,
        1,
        1,
        2
    ],
    "is_essential_text": [
        false,
        false,
        false,
        false,
        false,
        true,
        true,
        false
    ],
    "ocr": [
        "PG44",
        "PG21",
        "PG3",
        "Have you realised her eyes actually changes to look more like dragon publish? Ybh yoh! yoh not sure if this has helped, but I noticed some inconsfences, so it may not have been intended by the author.",
        "Hmmmmnannh must protect",
        "Raws: Shiro Pantsu (FB) Translator: Nam, Vertic Proofreader: Nam, Vertic Cleaner/Redrawer: Vertic TypesBetter: Vertic Quality Checker: Vertic",
        "This is awesome!",
        "Contact me: Veritich0f0e2"
    ],
    "character_names": [
        "ruri",
        "mom",
        "mom",
        "ruri"
    ]
}