{
    "bbox_annotations": {
        "bboxes_as_x1y1x2y2": [
            [
                0,
                836.5,
                1177.75,
                2082.604736328125
            ],
            [
                964.070556640625,
                198.01206970214844,
                1294.67919921875,
                829.1085662841797
            ],
            [
                281.4700927734375,
                0,
                662.0330810546875,
                696.219796180725
            ],
            [
                0.9368225932121277,
                25.488473892211914,
                337.4521424174309,
                595.8117771148682
            ],
            [
                789.25,
                356.2995300292969,
                976.1389770507812,
                671.4738159179688
            ],
            [
                668.43212890625,
                361.4161682128906,
                913.214599609375,
                745.3815307617188
            ],
            [
                1040.6636962890625,
                1373.314697265625,
                1238.674560546875,
                1633.004638671875
            ],
            [
                789.25,
                369.25,
                852.25,
                518.0
            ],
            [
                616.1693725585938,
                155.66246032714844,
                779.1155395507812,
                304.60504150390625
            ],
            [
                116.16205596923828,
                484.75,
                244.50855255126953,
                566.2788696289062
            ],
            [
                269.54388427734375,
                519.9638671875,
                435.193115234375,
                600.2674560546875
            ],
            [
                961.1948852539062,
                656.6762084960938,
                1024.7880859375,
                727.272705078125
            ],
            [
                820.3431396484375,
                96.25,
                993.5174560546875,
                247.23585510253903
            ],
            [
                40.25,
                1758.75,
                284.8987922668457,
                2014.25
            ],
            [
                315,
                1382.5,
                1293.25,
                2098.25
            ]
        ],
        "labels": [
            0,
            0,
            0,
            0,
            0,
            0,
            0,
            0,
            1,
            1,
            1,
            1,
            1,
            1,
            1
        ],
        "image_id": 730
    },
    "character_clusters": [
        0,
        1,
        2,
        0,
        3,
        4,
        2,
        5
    ],
    "text_to_character_matches": [
        [
            4,
            1
        ],
        [
            0,
            2
        ],
        [
            1,
            3
        ],
        [
            2,
            2
        ],
        [
            5,
            0
        ],
        [
            3,
            1
        ]
    ]
}