{
    "panels": [
        [
            316.2308044433594,
            1.601495385169983,
            865.0093994140625,
            448.2599182128906
        ],
        [
            45.00971221923828,
            0.7552064061164856,
            316.1918029785156,
            444.91070556640625
        ],
        [
            395.6043395996094,
            464.98321533203125,
            866.6845092773438,
            1256.1925048828125
        ],
        [
            38.386051177978516,
            476.7145690917969,
            396.07623291015625,
            731.7594604492188
        ],
        [
            38.24903869628906,
            742.7568969726562,
            402.3745422363281,
            1255.754150390625
        ]
    ],
    "texts": [
        [
            333.6651306152344,
            316.9476623535156,
            443.3641357421875,
            351.44366455078125
        ],
        [
            191.70599365234375,
            49.91853332519531,
            295.6277770996094,
            135.18972778320312
        ],
        [
            195.28526306152344,
            351.06011962890625,
            291.6302490234375,
            374.009033203125
        ],
        [
            54.98977279663086,
            331.79254150390625,
            169.6252899169922,
            389.684326171875
        ],
        [
            637.125,
            534.9993896484375,
            792.6116333007812,
            670.4814453125
        ],
        [
            437.5823974609375,
            603.2319946289062,
            578.500732421875,
            683.894775390625
        ],
        [
            31.121707916259766,
            444.2786865234375,
            468.645263671875,
            476.3913879394531
        ],
        [
            222.62911987304688,
            790.6030883789062,
            346.83203125,
            879.3665161132812
        ],
        [
            70.96453857421875,
            1119.9466552734375,
            184.4077911376953,
            1169.2060546875
        ]
    ],
    "characters": [
        [
            77.7190170288086,
            -0.25638651847839355,
            167.7418212890625,
            142.5976104736328
        ],
        [
            458.8749084472656,
            759.9903564453125,
            795.0612182617188,
            1232.5523681640625
        ],
        [
            223.71038818359375,
            1008.1846313476562,
            382.6227722167969,
            1257.7509765625
        ],
        [
            326.0910949707031,
            0.3914578855037689,
            862.1491088867188,
            439.4052429199219
        ],
        [
            45.70230484008789,
            477.7005310058594,
            395.409423828125,
            724.4931030273438
        ],
        [
            42.05244445800781,
            935.7015380859375,
            138.185546875,
            1256.9517822265625
        ],
        [
            777.79296875,
            695.0359497070312,
            866.3298950195312,
            1062.3580322265625
        ],
        [
            51.70265197753906,
            170.25425720214844,
            165.48019409179688,
            310.1515808105469
        ]
    ],
    "tails": [
        [
            681.3253784179688,
            695.36083984375,
            716.3656616210938,
            735.7974853515625
        ],
        [
            241.63296508789062,
            911.087158203125,
            272.589599609375,
            949.6868286132812
        ],
        [
            181.7251739501953,
            144.64083862304688,
            216.25234985351562,
            177.7139129638672
        ],
        [
            86.20674133300781,
            264.6140441894531,
            111.77403259277344,
            297.9201354980469
        ],
        [
            238.18948364257812,
            246.7376708984375,
            270.8992919921875,
            301.175537109375
        ]
    ],
    "text_character_associations": [
        [
            0,
            3
        ],
        [
            1,
            0
        ],
        [
            3,
            7
        ],
        [
            4,
            1
        ],
        [
            5,
            1
        ],
        [
            6,
            4
        ],
        [
            7,
            2
        ],
        [
            8,
            5
        ]
    ],
    "text_tail_associations": [
        [
            1,
            2
        ],
        [
            2,
            4
        ],
        [
            3,
            3
        ],
        [
            4,
            0
        ],
        [
            7,
            1
        ]
    ],
    "character_cluster_labels": [
        0,
        1,
        1,
        1,
        1,
        2,
        1,
        1
    ],
    "is_essential_text": [
        true,
        true,
        true,
        true,
        true,
        true,
        false,
        true,
        true
    ],
    "ocr": [
        "WHAT:...",
        "What is this \"Dragon\" about?",
        "DORAGON.",
        "I didn't ask for its nickname.",
        "But what is this all about? Having these horns means I'm a dragon now?",
        "Yep, you look exactly like your dad.",
        "TUN: Coragon (5-3) is another way to say dragon! That being said this is just my guess.",
        "Hold on... my dad is an actual dragon...?",
        "Didn't I tell you?"
    ],
    "character_names": [
        "Other",
        "ruri",
        "ruri",
        "ruri",
        "ruri",
        "Other",
        "ruri",
        "ruri"
    ]
}