{
    "panels": [
        [
            380.9529113769531,
            0.2453131079673767,
            837.4522705078125,
            412.0762939453125
        ],
        [
            36.122344970703125,
            -0.6847230195999146,
            379.67364501953125,
            411.3123779296875
        ],
        [
            39.99919891357422,
            432.8713073730469,
            866.5840454101562,
            866.2468872070312
        ],
        [
            507.1927795410156,
            893.2479248046875,
            862.6036376953125,
            1259.21728515625
        ],
        [
            55.24696731567383,
            883.2379760742188,
            497.69976806640625,
            1258.0009765625
        ]
    ],
    "texts": [
        [
            628.7438354492188,
            276.935546875,
            753.508056640625,
            343.3819580078125
        ],
        [
            505.38623046875,
            222.01260375976562,
            564.8572387695312,
            247.70774841308594
        ],
        [
            398.7565002441406,
            272.8433532714844,
            524.625732421875,
            319.8442687988281
        ],
        [
            270.0567321777344,
            278.4944763183594,
            374.0723876953125,
            370.5386657714844
        ],
        [
            95.5389633178711,
            268.7918701171875,
            221.59027099609375,
            362.2239685058594
        ],
        [
            657.17919921875,
            549.049072265625,
            761.3552856445312,
            643.4873657226562
        ],
        [
            126.2662582397461,
            443.4023132324219,
            254.89886474609375,
            523.696533203125
        ],
        [
            387.4842834472656,
            938.7941284179688,
            486.1075439453125,
            1075.568359375
        ],
        [
            209.37423706054688,
            917.3165893554688,
            289.2997131347656,
            954.0496215820312
        ],
        [
            93.62088012695312,
            931.331298828125,
            187.9895477294922,
            1001.0511474609375
        ]
    ],
    "characters": [
        [
            513.0067138671875,
            897.2706909179688,
            856.591796875,
            1258.7281494140625
        ],
        [
            392.6816711425781,
            24.183977127075195,
            618.252197265625,
            410.45050048828125
        ],
        [
            147.51837158203125,
            115.17138671875,
            209.5041961669922,
            232.43386840820312
        ],
        [
            640.4282836914062,
            50.89692687988281,
            773.5299682617188,
            230.02542114257812
        ],
        [
            204.38177490234375,
            1034.267333984375,
            312.4187316894531,
            1179.7017822265625
        ],
        [
            228.06271362304688,
            59.443946838378906,
            376.6903991699219,
            403.94378662109375
        ],
        [
            471.25408935546875,
            546.6799926757812,
            537.3865356445312,
            754.8123779296875
        ]
    ],
    "tails": [
        [
            694.0982666015625,
            189.06155395507812,
            722.5867309570312,
            228.06056213378906
        ],
        [
            125.2703857421875,
            196.81671142578125,
            152.78416442871094,
            234.00765991210938
        ],
        [
            144.99359130859375,
            1021.2262573242188,
            185.4462432861328,
            1062.9295654296875
        ],
        [
            535.9014892578125,
            174.4452362060547,
            561.3694458007812,
            211.31007385253906
        ],
        [
            332.8732604980469,
            217.3214111328125,
            361.7073974609375,
            258.2821350097656
        ]
    ],
    "text_character_associations": [
        [
            0,
            3
        ],
        [
            1,
            1
        ],
        [
            2,
            1
        ],
        [
            3,
            5
        ],
        [
            4,
            2
        ],
        [
            5,
            6
        ],
        [
            6,
            6
        ],
        [
            7,
            4
        ],
        [
            8,
            4
        ],
        [
            9,
            4
        ]
    ],
    "text_tail_associations": [
        [
            0,
            0
        ],
        [
            1,
            3
        ],
        [
            2,
            3
        ],
        [
            3,
            4
        ],
        [
            4,
            1
        ],
        [
            8,
            2
        ],
        [
            9,
            2
        ]
    ],
    "character_cluster_labels": [
        0,
        1,
        1,
        0,
        0,
        0,
        0
    ],
    "is_essential_text": [
        true,
        true,
        true,
        true,
        true,
        true,
        true,
        true,
        true,
        true
    ],
    "ocr": [
        "Well.... I can't just not go.",
        "Huh...",
        "Then I'm going now.",
        "Ah! Mom, wait a minute!",
        "Calm down, it's not like it's going to kill you or anything.",
        "What the hell is going on?",
        "Be sure to lock the door when you're out.",
        "ring Ring Ring Ring Ring Ring Ring Ring Ring Ring Ring Ring Ring Ring Ring Ring Ring Ring Ring Ring Ring Ring Ring Ring Ring Ring Ring Ring Ring Ring Ring Ring Ring Ring Ring Ring Ring Ring Ring Ring Ring Ring Ring Ring Ring Ring Ring Ring Ring Ring Ring Ring Ring Ring Ring Ring Ring Ring Ring Ring Ring Ring Ring",
        "Crap!",
        "I'm late?!"
    ],
    "character_names": [
        "ruri",
        "mom",
        "mom",
        "ruri",
        "ruri",
        "ruri",
        "ruri"
    ]
}