{
    "panels": [
        [
            -1.607424259185791,
            2.9511020183563232,
            805.4324951171875,
            153.9086456298828
        ],
        [
            -0.520942211151123,
            172.40603637695312,
            824.1240234375,
            808.2625732421875
        ],
        [
            562.396484375,
            806.1417846679688,
            823.944580078125,
            1261.829833984375
        ],
        [
            0.1099732518196106,
            806.881591796875,
            560.348388671875,
            1259.44970703125
        ]
    ],
    "texts": [
        [
            647.2662963867188,
            858.1524047851562,
            766.6139526367188,
            926.7077026367188
        ],
        [
            415.6568298339844,
            919.4727783203125,
            541.58935546875,
            1030.5615234375
        ]
    ],
    "characters": [
        [
            639.3466186523438,
            987.0023193359375,
            753.2473754882812,
            1249.6817626953125
        ],
        [
            0.7794541120529175,
            822.86181640625,
            515.8556518554688,
            1257.4844970703125
        ],
        [
            108.53829193115234,
            94.10087585449219,
            667.7578735351562,
            862.4183349609375
        ]
    ],
    "tails": [
        [
            685.6229858398438,
            954.2674560546875,
            714.8240966796875,
            988.2260131835938
        ]
    ],
    "text_character_associations": [
        [
            0,
            0
        ],
        [
            1,
            1
        ]
    ],
    "text_tail_associations": [
        [
            0,
            0
        ]
    ],
    "character_cluster_labels": [
        0,
        0,
        0
    ],
    "is_essential_text": [
        true,
        true
    ],
    "ocr": [
        "Phew! I should be on time...",
        "These are definitely going to draw attention"
    ],
    "character_names": [
        "ruri",
        "ruri",
        "ruri"
    ]
}