{
    "panels": [
        [
            527.8684692382812,
            1.1403419971466064,
            863.0565185546875,
            386.4859924316406
        ],
        [
            190.5160369873047,
            1.5970304012298584,
            526.0288696289062,
            387.8150329589844
        ],
        [
            45.472084045410156,
            69.46431732177734,
            183.6828155517578,
            390.5030212402344
        ],
        [
            37.394412994384766,
            411.12060546875,
            866.978271484375,
            844.6843872070312
        ],
        [
            337.77093505859375,
            871.0392456054688,
            859.5977783203125,
            1258.420654296875
        ],
        [
            42.51743698120117,
            873.2696533203125,
            334.01336669921875,
            1257.9178466796875
        ]
    ],
    "texts": [
        [
            566.389892578125,
            212.07293701171875,
            679.6911010742188,
            330.2987976074219
        ],
        [
            469.94927978515625,
            147.25869750976562,
            521.1903076171875,
            187.41738891601562
        ],
        [
            371.2728271484375,
            227.14178466796875,
            488.3517761230469,
            326.83685302734375
        ],
        [
            71.61624908447266,
            299.4416809082031,
            166.86373901367188,
            378.31964111328125
        ],
        [
            694.5345458984375,
            481.8204345703125,
            779.3789672851562,
            558.2550659179688
        ],
        [
            219.97589111328125,
            484.59033203125,
            318.7724914550781,
            566.3995971679688
        ],
        [
            401.0039978027344,
            890.2913208007812,
            491.0519104003906,
            968.6597290039062
        ],
        [
            213.34091186523438,
            1133.8204345703125,
            315.39886474609375,
            1196.937744140625
        ]
    ],
    "characters": [
        [
            533.3582153320312,
            993.3342895507812,
            574.8690185546875,
            1166.1689453125
        ],
        [
            399.77679443359375,
            1011.020263671875,
            490.6195373535156,
            1223.181396484375
        ],
        [
            290.3586120605469,
            49.06472396850586,
            437.8763122558594,
            384.75457763671875
        ],
        [
            640.2023315429688,
            964.1072387695312,
            747.6490478515625,
            1082.1990966796875
        ],
        [
            76.269775390625,
            649.6648559570312,
            119.73004150390625,
            786.2315063476562
        ],
        [
            65.81864166259766,
            165.38119506835938,
            141.047119140625,
            302.0171203613281
        ],
        [
            564.0811157226562,
            600.3624267578125,
            735.6483764648438,
            833.63427734375
        ],
        [
            380.6801452636719,
            648.8283081054688,
            432.2706298828125,
            803.5453491210938
        ],
        [
            712.182373046875,
            107.64412689208984,
            788.5452270507812,
            296.294677734375
        ],
        [
            44.93709182739258,
            879.7097778320312,
            316.2113952636719,
            1256.4736328125
        ],
        [
            162.31314086914062,
            639.2765502929688,
            242.40252685546875,
            827.9791870117188
        ],
        [
            581.40283203125,
            994.142822265625,
            619.5377197265625,
            1157.635986328125
        ],
        [
            46.85929489135742,
            679.4636840820312,
            68.71916961669922,
            751.10693359375
        ],
        [
            268.93927001953125,
            638.921875,
            326.79852294921875,
            800.2970581054688
        ],
        [
            341.12567138671875,
            991.4954223632812,
            398.121826171875,
            1244.6412353515625
        ],
        [
            434.9031677246094,
            640.5745239257812,
            477.1226806640625,
            782.660400390625
        ]
    ],
    "tails": [
        [
            183.20335388183594,
            1098.82861328125,
            210.14710998535156,
            1131.0606689453125
        ],
        [
            677.541015625,
            576.9774780273438,
            706.9044799804688,
            607.0153198242188
        ]
    ],
    "text_character_associations": [
        [
            0,
            8
        ],
        [
            1,
            2
        ],
        [
            2,
            2
        ],
        [
            3,
            5
        ],
        [
            4,
            6
        ],
        [
            5,
            6
        ],
        [
            7,
            9
        ]
    ],
    "text_tail_associations": [
        [
            4,
            1
        ],
        [
            7,
            0
        ]
    ],
    "character_cluster_labels": [
        0,
        1,
        2,
        2,
        3,
        2,
        2,
        4,
        2,
        2,
        5,
        6,
        7,
        8,
        9,
        10
    ],
    "is_essential_text": [
        true,
        true,
        true,
        true,
        true,
        true,
        true,
        true
    ],
    "ocr": [
        "But I can't skip classes, nor can I go out like this...",
        "Oh, well",
        "It's just the horns, I should probably be fine.",
        "Oh yeah, have to lock the doors...",
        "Ah... wait!",
        "We will be leaving soon!",
        "Doors are close- ing.",
        "Phew... that was close..."
    ],
    "character_names": [
        "Other",
        "Other",
        "ruri",
        "ruri",
        "Other",
        "ruri",
        "ruri",
        "mom",
        "ruri",
        "ruri",
        "Other",
        "Other",
        "Other",
        "Other",
        "Other",
        "Other"
    ]
}