{
    "panels": [
        [
            44.870941162109375,
            -3.1904962062835693,
            870.6957397460938,
            368.3654479980469
        ],
        [
            511.1466979980469,
            408.76983642578125,
            863.70703125,
            755.8489990234375
        ],
        [
            41.823734283447266,
            406.113037109375,
            514.3057861328125,
            754.786865234375
        ],
        [
            577.687744140625,
            779.5274658203125,
            864.9244384765625,
            1256.4305419921875
        ],
        [
            273.65771484375,
            773.9700317382812,
            583.0440673828125,
            1260.84814453125
        ],
        [
            40.98648452758789,
            774.9180908203125,
            273.4165344238281,
            1260.1802978515625
        ]
    ],
    "texts": [
        [
            552.4599609375,
            448.0993957519531,
            636.9474487304688,
            545.6611328125
        ],
        [
            383.69781494140625,
            606.6547241210938,
            497.427490234375,
            706.36962890625
        ],
        [
            62.484703063964844,
            616.781005859375,
            175.88027954101562,
            697.0560302734375
        ],
        [
            644.569580078125,
            1073.406494140625,
            777.996337890625,
            1156.0693359375
        ],
        [
            199.96263122558594,
            793.5589599609375,
            256.990234375,
            847.2627563476562
        ],
        [
            132.08087158203125,
            880.778076171875,
            254.34730529785156,
            935.245361328125
        ]
    ],
    "characters": [
        [
            42.89167404174805,
            933.2927856445312,
            190.8400421142578,
            1249.642822265625
        ],
        [
            453.56195068359375,
            433.1123352050781,
            502.7711181640625,
            574.013916015625
        ],
        [
            199.25088500976562,
            1061.8956298828125,
            269.3707580566406,
            1258.3658447265625
        ],
        [
            486.2247009277344,
            41.58540725708008,
            639.6612548828125,
            183.01593017578125
        ],
        [
            481.6629333496094,
            1004.84716796875,
            624.6995239257812,
            1256.7802734375
        ],
        [
            615.584228515625,
            934.9718017578125,
            726.676513671875,
            1066.860595703125
        ],
        [
            64.70674133300781,
            42.85388946533203,
            207.17178344726562,
            361.46142578125
        ],
        [
            517.7206420898438,
            414.6048889160156,
            857.0132446289062,
            744.9326171875
        ],
        [
            629.0001220703125,
            42.21560287475586,
            700.8726196289062,
            173.431396484375
        ],
        [
            409.36639404296875,
            16.659351348876953,
            454.7543029785156,
            186.03622436523438
        ],
        [
            477.4991760253906,
            16.309307098388672,
            534.9652099609375,
            175.31137084960938
        ],
        [
            81.53063201904297,
            424.4871826171875,
            203.12420654296875,
            585.2969360351562
        ],
        [
            191.1468505859375,
            44.102630615234375,
            272.68389892578125,
            240.51939392089844
        ],
        [
            179.29417419433594,
            443.8403015136719,
            366.9543151855469,
            741.7133178710938
        ],
        [
            179.17034912109375,
            444.14508056640625,
            391.95611572265625,
            742.8026733398438
        ],
        [
            286.5666198730469,
            938.9011840820312,
            460.638671875,
            1254.714599609375
        ],
        [
            347.0870056152344,
            63.156333923339844,
            393.8934326171875,
            259.62945556640625
        ],
        [
            45.21590042114258,
            932.5077514648438,
            151.86492919921875,
            1107.4295654296875
        ],
        [
            707.4197998046875,
            939.9398803710938,
            864.8239135742188,
            1256.8397216796875
        ]
    ],
    "tails": [
        [
            164.2639923095703,
            951.5949096679688,
            194.80101013183594,
            982.2942504882812
        ]
    ],
    "text_character_associations": [
        [
            0,
            7
        ],
        [
            1,
            14
        ],
        [
            2,
            13
        ],
        [
            3,
            5
        ],
        [
            4,
            17
        ],
        [
            5,
            17
        ]
    ],
    "text_tail_associations": [
        [
            4,
            0
        ],
        [
            5,
            0
        ]
    ],
    "character_cluster_labels": [
        0,
        1,
        2,
        0,
        2,
        0,
        3,
        0,
        4,
        5,
        6,
        7,
        8,
        9,
        10,
        0,
        11,
        0,
        2
    ],
    "is_essential_text": [
        true,
        true,
        true,
        false,
        true,
        true
    ],
    "ocr": [
        "I feel like I'm being stared at::",
        "I'm definitely being stared at...",
        "Most likely due to these horns.",
        "...",
        "Who was it?",
        "That was clearly the shutter."
    ],
    "character_names": [
        "ruri",
        "Other",
        "teacher",
        "ruri",
        "teacher",
        "ruri",
        "Other",
        "ruri",
        "Other",
        "Other",
        "Other",
        "Other",
        "Other",
        "Other",
        "Other",
        "ruri",
        "Other",
        "ruri",
        "teacher"
    ]
}