{
    "panels": [
        [
            667.0131225585938,
            5.123153209686279,
            864.1431274414062,
            431.5272216796875
        ],
        [
            38.57256317138672,
            0.07502348721027374,
            659.7891235351562,
            427.10595703125
        ],
        [
            39.02281951904297,
            458.1798095703125,
            861.8997192382812,
            798.2085571289062
        ],
        [
            600.6123657226562,
            826.0640869140625,
            868.9020385742188,
            1259.1995849609375
        ],
        [
            364.2513732910156,
            819.8753051757812,
            595.1948852539062,
            1258.0894775390625
        ],
        [
            42.84222412109375,
            823.3784790039062,
            365.0866394042969,
            1258.8494873046875
        ]
    ],
    "texts": [
        [
            335.4433898925781,
            47.71232986450195,
            456.5399169921875,
            139.41094970703125
        ],
        [
            124.5298843383789,
            350.7643737792969,
            213.8482666015625,
            375.7288513183594
        ],
        [
            725.4598999023438,
            504.12225341796875,
            796.6995239257812,
            565.9954833984375
        ],
        [
            658.8836669921875,
            635.6452026367188,
            780.5780029296875,
            736.3086547851562
        ],
        [
            118.41122436523438,
            689.944580078125,
            212.41697692871094,
            715.01708984375
        ],
        [
            683.573486328125,
            879.149169921875,
            808.8665771484375,
            924.08837890625
        ],
        [
            614.5606079101562,
            990.4420776367188,
            680.8670043945312,
            1056.5133056640625
        ],
        [
            265.5417785644531,
            877.9443969726562,
            351.0232849121094,
            922.0354614257812
        ],
        [
            113.7293701171875,
            894.006591796875,
            181.98318481445312,
            980.6475219726562
        ]
    ],
    "characters": [
        [
            370.6224060058594,
            993.5803833007812,
            496.6581726074219,
            1259.1378173828125
        ],
        [
            479.0418395996094,
            254.60870361328125,
            560.7089233398438,
            404.5924072265625
        ],
        [
            200.35763549804688,
            570.6891479492188,
            318.9778137207031,
            791.3743896484375
        ],
        [
            558.75390625,
            649.4966430664062,
            623.9447631835938,
            784.0413818359375
        ],
        [
            483.69061279296875,
            987.8865966796875,
            593.4149169921875,
            1208.7001953125
        ],
        [
            218.998046875,
            996.4268188476562,
            358.50543212890625,
            1215.4735107421875
        ],
        [
            52.65024185180664,
            474.03955078125,
            249.36878967285156,
            790.0322265625
        ],
        [
            51.08747863769531,
            1063.0308837890625,
            264.1053466796875,
            1256.8529052734375
        ],
        [
            718.9834594726562,
            1143.169677734375,
            799.4588012695312,
            1259.8585205078125
        ],
        [
            597.0487670898438,
            599.1945190429688,
            692.6878662109375,
            790.2113647460938
        ],
        [
            45.979976654052734,
            469.3254089355469,
            142.75660705566406,
            786.5253295898438
        ],
        [
            476.6979064941406,
            1136.6468505859375,
            570.8576049804688,
            1260.2589111328125
        ],
        [
            313.75115966796875,
            587.2542724609375,
            388.6197509765625,
            784.8010864257812
        ],
        [
            605.2941284179688,
            1079.8001708984375,
            747.5928955078125,
            1257.3089599609375
        ],
        [
            403.522216796875,
            263.40655517578125,
            488.315673828125,
            393.8739318847656
        ],
        [
            292.8387756347656,
            269.7381286621094,
            398.8884582519531,
            415.09405517578125
        ],
        [
            734.6449584960938,
            986.4859619140625,
            862.5407104492188,
            1202.23291015625
        ],
        [
            531.7073974609375,
            277.1007385253906,
            635.115966796875,
            417.5234069824219
        ],
        [
            666.0381469726562,
            33.48191833496094,
            862.8099365234375,
            422.8846130371094
        ],
        [
            731.8572998046875,
            580.751220703125,
            861.44189453125,
            787.6588745117188
        ],
        [
            100.72562408447266,
            32.54344177246094,
            281.8291320800781,
            379.2834167480469
        ],
        [
            315.7855224609375,
            471.43768310546875,
            591.17431640625,
            791.1536865234375
        ]
    ],
    "tails": [
        [
            332.7436218261719,
            165.2179718017578,
            372.8284912109375,
            193.66065979003906
        ],
        [
            283.09625244140625,
            949.80908203125,
            306.2579650878906,
            978.3563232421875
        ],
        [
            721.3370361328125,
            963.3147583007812,
            752.6427612304688,
            998.9843139648438
        ],
        [
            233.0166473388672,
            366.3162841796875,
            291.6336364746094,
            400.1923828125
        ],
        [
            64.45787048339844,
            730.1328735351562,
            98.60103607177734,
            760.3012084960938
        ],
        [
            606.5460205078125,
            687.9274291992188,
            644.02294921875,
            717.6105346679688
        ],
        [
            644.04541015625,
            1061.392333984375,
            667.0807495117188,
            1092.15576171875
        ]
    ],
    "text_character_associations": [
        [
            0,
            20
        ],
        [
            1,
            15
        ],
        [
            2,
            21
        ],
        [
            3,
            21
        ],
        [
            4,
            6
        ],
        [
            5,
            16
        ],
        [
            6,
            13
        ],
        [
            7,
            5
        ],
        [
            8,
            5
        ]
    ],
    "text_tail_associations": [
        [
            0,
            0
        ],
        [
            1,
            3
        ],
        [
            2,
            5
        ],
        [
            3,
            5
        ],
        [
            4,
            4
        ],
        [
            5,
            2
        ],
        [
            6,
            6
        ],
        [
            7,
            1
        ]
    ],
    "character_cluster_labels": [
        0,
        1,
        2,
        3,
        4,
        4,
        5,
        6,
        7,
        8,
        9,
        7,
        10,
        11,
        12,
        13,
        4,
        14,
        4,
        15,
        4,
        12
    ],
    "is_essential_text": [
        true,
        true,
        true,
        true,
        true,
        true,
        true,
        true,
        true
    ],