{
    "panels": [
        [
            465.3714294433594,
            0.05954602360725403,
            817.6884765625,
            275.8888244628906
        ],
        [
            -2.183894634246826,
            -0.24059483408927917,
            454.35699462890625,
            274.5909118652344
        ],
        [
            236.53143310546875,
            297.7793884277344,
            829.891845703125,
            657.0258178710938
        ],
        [
            -0.20382173359394073,
            301.8389892578125,
            232.05877685546875,
            648.5516357421875
        ],
        [
            -1.2154287099838257,
            666.728759765625,
            820.7744140625,
            1251.2470703125
        ]
    ],
    "texts": [
        [
            364.8178405761719,
            14.713993072509766,
            445.21270751953125,
            173.279296875
        ],
        [
            622.1572875976562,
            335.31646728515625,
            787.5513916015625,
            414.7689208984375
        ],
        [
            442.14984130859375,
            329.1595764160156,
            549.1708984375,
            391.0887145996094
        ],
        [
            279.6728515625,
            350.3021545410156,
            392.7466125488281,
            412.6762390136719
        ],
        [
            77.74424743652344,
            527.6854858398438,
            215.43585205078125,
            608.0510864257812
        ],
        [
            639.2564697265625,
            714.2245483398438,
            775.2254638671875,
            797.4165649414062
        ],
        [
            506.0581970214844,
            723.0728759765625,
            600.1048583984375,
            749.1129760742188
        ],
        [
            222.16876220703125,
            734.8113403320312,
            314.9993896484375,
            796.672119140625
        ],
        [
            59.10029220581055,
            727.9590454101562,
            190.86557006835938,
            834.4618530273438
        ],
        [
            43.34177780151367,
            1056.2003173828125,
            192.48858642578125,
            1122.269775390625
        ]
    ],
    "characters": [
        [
            278.4858703613281,
            743.1157836914062,
            584.63037109375,
            1198.543701171875
        ],
        [
            446.9189147949219,
            432.50408935546875,
            541.860107421875,
            644.9010620117188
        ],
        [
            2.2537169456481934,
            818.4519653320312,
            113.43950653076172,
            1257.0584716796875
        ],
        [
            116.27365112304688,
            95.2962875366211,
            297.2854309082031,
            272.83868408203125
        ],
        [
            674.6647338867188,
            812.3710327148438,
            819.7914428710938,
            1255.871826171875
        ],
        [
            18.78826332092285,
            140.9410858154297,
            93.93880462646484,
            259.47314453125
        ],
        [
            183.78257751464844,
            -0.24486754834651947,
            279.1661071777344,
            112.57001495361328
        ],
        [
            550.1859741210938,
            759.7018432617188,
            652.8468627929688,
            996.079345703125
        ],
        [
            718.59716796875,
            438.086181640625,
            823.2584838867188,
            648.2281494140625
        ],
        [
            546.3073120117188,
            754.354248046875,
            654.5140991210938,
            1159.40185546875
        ],
        [
            4.786633491516113,
            310.59393310546875,
            227.41555786132812,
            645.3474731445312
        ],
        [
            230.42718505859375,
            126.66405487060547,
            286.8280944824219,
            222.4334259033203
        ],
        [
            -0.06495988368988037,
            100.2901840209961,
            45.997310638427734,
            223.9058380126953
        ],
        [
            118.52903747558594,
            858.4888916015625,
            226.96096801757812,
            963.1956176757812
        ],
        [
            503.10748291015625,
            421.4031982421875,
            659.0780029296875,
            644.4342041015625
        ],
        [
            244.52423095703125,
            453.0953369140625,
            379.96710205078125,
            646.1456909179688
        ],
        [
            489.246826171875,
            2.6393015384674072,
            776.2462768554688,
            268.9642028808594
        ],
        [
            114.55632019042969,
            95.35100555419922,
            296.9166259765625,
            271.92919921875
        ]
    ],
    "tails": [
        [
            687.56591796875,
            442.9252624511719,
            717.866455078125,
            479.762451171875
        ],
        [
            195.66297912597656,
            780.4606323242188,
            224.12843322753906,
            805.2012939453125
        ],
        [
            152.5884246826172,
            480.1305847167969,
            176.01852416992188,
            509.4667053222656
        ],
        [
            298.9963684082031,
            455.80169677734375,
            325.5184326171875,
            487.62103271484375
        ],
        [
            482.9339599609375,
            410.0317077636719,
            512.1890869140625,
            440.58868408203125
        ]
    ],
    "text_character_associations": [
        [
            0,
            6
        ],
        [
            1,
            8
        ],
        [
            2,
            1
        ],
        [
            3,
            15
        ],
        [
            4,
            10
        ],
        [
            5,
            0
        ],
        [
            6,
            0
        ],
        [
            7,
            13
        ],
        [
            9,
            0
        ]
    ],
    "text_tail_associations": [
        [
            1,
            0
        ],
        [
            2,
            4
        ],
        [
            3,
            3
        ],
        [
            4,
            2
        ],
        [
            7,
            1
        ],
        [
            8,
            1
        ]
    ],
    "character_cluster_labels": [
        0,
        1,
        2,
        3,
        4,
        5,
        6,
        7,
        8,
        9,
        0,
        10,
        11,
        12,
        0,
        13,
        0,
        14
    ],
    "is_essential_text": [
        true,
        true,
        true,
        true,
        true,
        true,
        true,
        true,
        true,
        true
    ],
    "ocr": [
        "I really hate them staring at me like that",
        "Hey, what did you do? Can I grow one like yours?",
        "No clue... I woke up and...",
        "Ahahaha, are you a demon?",
        "No, my mom said that I was a dragon...",
        "Woah, that looks so cool!",
        "Dragon?",
        "Can I take a picture?",
        "silence, classes have already started.",
        "Please... stop talking about it...."
    ],
    "character_names": [
        "ruri",
        "ukka",
        "Other",
        "Other",
        "Other",
        "Other",
        "teacher",
        "Other",
        "Other",
        "Other",
        "ruri",
        "Other",
        "Other",
        "Other",
        "ruri",
        "Other",
        "ruri",
        "Other"
    ]
}