{
    "panels": [
        [
            39.373905181884766,
            0.5381936430931091,
            862.8252563476562,
            261.7376708984375
        ],
        [
            28.39591407775879,
            268.7901916503906,
            860.59375,
            904.7276611328125
        ],
        [
            291.23980712890625,
            930.3514404296875,
            863.602783203125,
            1247.451416015625
        ],
        [
            42.252994537353516,
            936.4609985351562,
            291.488525390625,
            1249.2845458984375
        ]
    ],
    "texts": [
        [
            649.0762329101562,
            129.7987060546875,
            796.3577270507812,
            271.2933349609375
        ],
        [
            711.1830444335938,
            990.8125,
            842.882568359375,
            1166.665771484375
        ],
        [
            294.3411865234375,
            967.0260009765625,
            363.6744079589844,
            1017.1359252929688
        ]
    ],
    "characters": [
        [
            44.52859878540039,
            0.4100683629512787,
            855.570068359375,
            263.373291015625
        ],
        [
            376.1874694824219,
            0.5415517687797546,
            858.7509765625,
            249.8094940185547
        ],
        [
            43.56477737426758,
            945.4833984375,
            168.1849822998047,
            1240.42919921875
        ],
        [
            22.298521041870117,
            323.6271667480469,
            309.9582824707031,
            899.4730224609375
        ],
        [
            105.29017639160156,
            964.0245361328125,
            289.5135192871094,
            1244.5037841796875
        ],
        [
            40.29834747314453,
            326.83929443359375,
            209.6968231201172,
            720.531494140625
        ],
        [
            299.86224365234375,
            1030.2237548828125,
            443.0309753417969,
            1251.3448486328125
        ],
        [
            534.42724609375,
            479.31915283203125,
            630.4405517578125,
            693.8168334960938
        ],
        [
            436.7675476074219,
            951.1215209960938,
            744.9041748046875,
            1241.810546875
        ],
        [
            718.2223510742188,
            499.0123291015625,
            859.9374389648438,
            833.1912231445312
        ],
        [
            295.9801940917969,
            474.76373291015625,
            573.2913818359375,
            894.3721313476562
        ]
    ],
    "tails": [],
    "text_character_associations": [
        [
            0,
            1
        ],
        [
            1,
            8
        ],
        [
            2,
            8
        ]
    ],
    "text_tail_associations": [],
    "character_cluster_labels": [
        0,
        0,
        1,
        2,
        3,
        4,
        5,
        6,
        7,
        8,
        0
    ],
    "is_essential_text": [
        true,
        true,
        true
    ],
    "ocr": [
        "AmhoY",
        "So hot!?",
        "!!?"
    ],
    "character_names": [
        "ruri",
        "ruri",
        "Other",
        "teacher",
        "ukka",
        "teacher",
        "ukka",
        "Other",
        "ruri",
        "mom",
        "ruri"
    ]
}