{
    "panels": [
        [
            3.051177740097046,
            5.217856407165527,
            816.2161865234375,
            294.5472106933594
        ],
        [
            229.2995147705078,
            325.7815246582031,
            823.5172729492188,
            841.1332397460938
        ],
        [
            0.12236006557941437,
            316.0416564941406,
            228.21841430664062,
            848.7799072265625
        ],
        [
            339.3659973144531,
            871.3955078125,
            810.2398071289062,
            1260.6170654296875
        ],
        [
            228.1464385986328,
            891.7719116210938,
            321.832275390625,
            1259.5048828125
        ],
        [
            2.7639222145080566,
            904.1848754882812,
            223.38272094726562,
            1248.9727783203125
        ]
    ],
    "texts": [
        [
            643.2988891601562,
            117.16561889648438,
            793.968505859375,
            193.78152465820312
        ],
        [
            672.09033203125,
            389.7758483886719,
            792.5536499023438,
            528.579833984375
        ],
        [
            560.9588623046875,
            578.0619506835938,
            702.1646118164062,
            692.4712524414062
        ],
        [
            256.3677673339844,
            385.9145202636719,
            358.5982360839844,
            501.8587646484375
        ],
        [
            152.5806884765625,
            377.68121337890625,
            219.9862518310547,
            426.6187438964844
        ],
        [
            58.11582946777344,
            384.0223388671875,
            148.5419158935547,
            449.0162048339844
        ],
        [
            47.79322814941406,
            685.5152587890625,
            86.0692367553711,
            723.713134765625
        ],
        [
            30.349769592285156,
            771.9061889648438,
            129.02017211914062,
            836.2446899414062
        ],
        [
            405.68963623046875,
            897.4930419921875,
            476.9771423339844,
            958.7731323242188
        ],
        [
            73.94248962402344,
            1072.5875244140625,
            148.19151306152344,
            1117.726806640625
        ]
    ],
    "characters": [
        [
            350.45684814453125,
            874.6044921875,
            772.54638671875,
            1258.707275390625
        ],
        [
            237.00503540039062,
            711.007568359375,
            308.85650634765625,
            822.8148193359375
        ],
        [
            10.58080768585205,
            553.6876220703125,
            135.35528564453125,
            790.6139526367188
        ],
        [
            106.56916046142578,
            496.7950744628906,
            220.2731170654297,
            834.7191772460938
        ],
        [
            315.7918701171875,
            646.3096313476562,
            371.06878662109375,
            779.6559448242188
        ],
        [
            44.32416915893555,
            0.8087490797042847,
            577.4601440429688,
            297.656005859375
        ]
    ],
    "tails": [
        [
            432.2359619140625,
            986.0333862304688,
            462.67169189453125,
            1018.3220825195312
        ],
        [
            110.45756530761719,
            488.9759521484375,
            141.2934112548828,
            522.1032104492188
        ],
        [
            40.951778411865234,
            644.8085327148438,
            66.84635925292969,
            679.8873291015625
        ]
    ],
    "text_character_associations": [
        [
            0,
            5
        ],
        [
            2,
            0
        ],
        [
            3,
            4
        ],
        [
            4,
            3
        ],
        [
            5,
            3
        ],
        [
            6,
            2
        ],
        [
            7,
            2
        ],
        [
            8,
            0
        ],
        [
            9,
            0
        ]
    ],
    "text_tail_associations": [
        [
            4,
            1
        ],
        [
            5,
            1
        ],
        [
            6,
            2
        ],
        [
            7,
            2
        ],
        [
            8,
            0
        ]
    ],
    "character_cluster_labels": [
        0,
        1,
        2,
        3,
        4,
        3
    ],
    "is_essential_text": [
        true,
        true,
        true,
        true,
        true,
        true,
        true,
        true,
        true,
        true
    ],
    "ocr": [
        "Uhhh... What just happened?!",
        "I also breathed out fire while sneezing ...",
        "How did it- this won't cause any harm, will it?",
        "What's this, a circus Perfor- Mance?",
        "Ah... hot...",
        "So hot!",
        "!!",
        "Hey, are you ok?",
        "Ah!",
        "Hello, Mom?"
    ],
    "character_names": [
        "ruri",
        "Other",
        "Other",
        "ruri",
        "Other",
        "ruri"
    ]
}