{
    "panels": [
        [
            4.239357948303223,
            -5.30756950378418,
            821.600341796875,
            418.38275146484375
        ],
        [
            523.7459716796875,
            449.3404846191406,
            829.4904174804688,
            807.60107421875
        ],
        [
            5.86732816696167,
            449.99212646484375,
            518.9508056640625,
            808.0657348632812
        ],
        [
            388.7843017578125,
            829.0038452148438,
            825.041015625,
            1254.7935791015625
        ],
        [
            -2.4040987491607666,
            829.1290283203125,
            386.0392150878906,
            1258.7325439453125
        ]
    ],
    "texts": [
        [
            102.18839263916016,
            119.11327362060547,
            211.16673278808594,
            193.82740783691406
        ],
        [
            700.8126831054688,
            501.3111572265625,
            807.2316284179688,
            564.7532958984375
        ],
        [
            540.3614501953125,
            694.2384033203125,
            638.36572265625,
            770.7669677734375
        ],
        [
            368.3402099609375,
            482.6522216796875,
            500.49908447265625,
            587.4280395507812
        ],
        [
            258.2186584472656,
            510.3823547363281,
            320.3927307128906,
            552.5413208007812
        ],
        [
            61.98295974731445,
            489.6539611816406,
            115.12555694580078,
            544.1725463867188
        ],
        [
            75.97439575195312,
            728.63818359375,
            168.55902099609375,
            772.4820556640625
        ],
        [
            596.4081420898438,
            854.553955078125,
            810.432373046875,
            980.3262329101562
        ],
        [
            409.3820495605469,
            867.4828491210938,
            557.91162109375,
            971.8592529296875
        ],
        [
            436.8576354980469,
            1016.4132690429688,
            489.2784118652344,
            1058.1947021484375
        ],
        [
            273.1198425292969,
            901.117919921875,
            390.4971923828125,
            962.1763305664062
        ],
        [
            75.4547348022461,
            893.1195068359375,
            138.0400390625,
            917.5184326171875
        ]
    ],
    "characters": [
        [
            627.6096801757812,
            582.5445556640625,
            688.6558227539062,
            792.578369140625
        ],
        [
            195.58949279785156,
            554.694580078125,
            491.3205871582031,
            799.323486328125
        ],
        [
            703.3150634765625,
            646.0918579101562,
            770.3515625,
            785.3659057617188
        ],
        [
            338.51934814453125,
            578.5333862304688,
            488.3504333496094,
            796.9617309570312
        ],
        [
            163.7057342529297,
            534.44775390625,
            269.900146484375,
            630.1878662109375
        ],
        [
            79.12166595458984,
            495.4956970214844,
            169.62261962890625,
            648.3890991210938
        ],
        [
            115.86173248291016,
            979.2307739257812,
            253.49349975585938,
            1257.6781005859375
        ],
        [
            206.0966796875,
            1031.57470703125,
            366.1640625,
            1257.725830078125
        ],
        [
            189.14598083496094,
            554.7586669921875,
            383.5703430175781,
            797.1591186523438
        ],
        [
            381.5998229980469,
            193.12400817871094,
            592.0936889648438,
            407.42303466796875
        ],
        [
            444.4915771484375,
            1002.253173828125,
            605.933349609375,
            1226.697265625
        ],
        [
            552.2647094726562,
            1140.519287109375,
            820.4412841796875,
            1256.5250244140625
        ],
        [
            28.076099395751953,
            -0.3369021713733673,
            354.4330139160156,
            412.6671447753906
        ],
        [
            397.9241638183594,
            1136.930908203125,
            823.489013671875,
            1260.75439453125
        ]
    ],
    "tails": [
        [
            739.5764770507812,
            994.8536376953125,
            768.3881225585938,
            1031.1524658203125
        ],
        [
            308.2049865722656,
            1010.5550537109375,
            332.51568603515625,
            1039.7227783203125
        ],
        [
            83.73589324951172,
            950.8360595703125,
            107.83663940429688,
            977.3609619140625
        ],
        [
            700.44482421875,
            572.8536987304688,
            725.0426025390625,
            602.76708984375
        ],
        [
            421.2425842285156,
            602.9400634765625,
            445.9888000488281,
            632.5606079101562
        ],
        [
            568.0870361328125,
            630.15869140625,
            598.2574462890625,
            661.7177124023438
        ]
    ],
    "text_character_associations": [
        [
            0,
            12
        ],
        [
            1,
            0
        ],
        [
            2,
            0
        ],
        [
            3,
            1
        ],
        [
            4,
            4
        ],
        [
            5,
            5
        ],
        [
            6,
            1
        ],
        [
            7,
            11
        ],
        [
            8,
            10
        ],
        [
            9,
            10
        ],
        [
            10,
            7
        ],
        [
            11,
            6
        ]
    ],
    "text_tail_associations": [
        [
            1,
            3
        ],
        [
            2,
            5
        ],
        [
            3,
            4
        ],
        [
            7,
            0
        ],
        [
            10,
            1
        ],
        [
            11,
            2
        ]
    ],
    "character_cluster_labels": [
        0,
        0,
        0,
        0,
        1,
        0,
        0,
        0,
        0,
        0,
        0,
        0,
        0,
        0
    ],
    "is_essential_text": [
        true,
        true,
        true,
        true,
        true,
        false,
        true,
        true,
        true,
        false,
        true,
        true
    ],
    "ocr": [
        "Uwah, what's wrong?",
        "Oh, welcome home.",
        "Why the face? What's wrong?",
        "I spit fire three times after that and got burned.",
        "hat xi!",
        "hattyl,",
        "Are you ok?",
        "Ah... mou... I really shouldn't have gone to school if this was going to happen.",
        "Yep, I didn't expect you to go to school either.",
        "Hey",
        "Take a day off tomorrow.",
        "Eh...?"
    ],
    "character_names": [
        "ruri",
        "ruri",
        "ruri",
        "ruri",
        "ruri",
        "ruri",
        "ruri",
        "ruri",
        "ruri",
        "ruri",
        "ruri",
        "ruri",
        "ruri",
        "ruri"
    ]
}