{
    "panels": [
        [
            423.5208740234375,
            -1.7761186361312866,
            864.1594848632812,
            433.31787109375
        ],
        [
            42.67103958129883,
            0.6472018957138062,
            422.1360778808594,
            432.6514892578125
        ],
        [
            37.193336486816406,
            526.5609741210938,
            864.533935546875,
            719.6648559570312
        ],
        [
            260.9788818359375,
            706.4738159179688,
            870.1536254882812,
            1255.960205078125
        ],
        [
            41.698822021484375,
            872.50390625,
            267.2774353027344,
            1260.233154296875
        ]
    ],
    "texts": [
        [
            451.39105224609375,
            276.0234375,
            603.7083129882812,
            346.7215881347656
        ],
        [
            330.316162109375,
            292.3810729980469,
            366.5345458984375,
            372.7156677246094
        ],
        [
            746.0368041992188,
            983.8743286132812,
            861.5733642578125,
            1056.046875
        ],
        [
            96.40654754638672,
            910.672119140625,
            192.47402954101562,
            980.3963012695312
        ]
    ],
    "characters": [
        [
            490.4516906738281,
            -0.3015197515487671,
            862.9349365234375,
            428.8118896484375
        ],
        [
            45.82472610473633,
            -0.836702287197113,
            422.88983154296875,
            425.7429504394531
        ],
        [
            43.491455078125,
            873.2670288085938,
            265.8172302246094,
            1259.0791015625
        ]
    ],
    "tails": [
        [
            605.5751953125,
            318.47064208984375,
            638.8177490234375,
            350.6963195800781
        ],
        [
            296.265380859375,
            255.8726043701172,
            325.15716552734375,
            288.4596862792969
        ]
    ],
    "text_character_associations": [
        [
            0,
            0
        ],
        [
            1,
            1
        ],
        [
            3,
            2
        ]
    ],
    "text_tail_associations": [
        [
            0,
            0
        ],
        [
            1,
            1
        ]
    ],
    "character_cluster_labels": [
        0,
        0,
        0
    ],
    "is_essential_text": [
        true,
        true,
        false,
        true
    ],
    "ocr": [
        "Do you want to see your dad?",
        "::?",
        "........",
        "Uwah, what is this..."
    ],
    "character_names": [
        "mom",
        "mom",
        "mom"
    ]
}