{
    "panels": [
        [
            3.766339063644409,
            2.598881959915161,
            818.39013671875,
            485.37109375
        ],
        [
            356.7706298828125,
            519.274169921875,
            822.5697021484375,
            848.4019775390625
        ],
        [
            5.496097564697266,
            535.464599609375,
            352.442138671875,
            846.91748046875
        ],
        [
            16.073083877563477,
            843.0474853515625,
            821.3668823242188,
            1256.8731689453125
        ]
    ],
    "texts": [
        [
            633.1907348632812,
            97.55210876464844,
            784.8754272460938,
            164.93194580078125
        ],
        [
            567.3590698242188,
            357.4609680175781,
            624.6257934570312,
            382.3107604980469
        ],
        [
            335.605712890625,
            64.56159210205078,
            407.185546875,
            90.68256378173828
        ],
        [
            490.4393005371094,
            386.0456848144531,
            559.4686889648438,
            411.3292236328125
        ],
        [
            420.739013671875,
            363.1266174316406,
            479.87774658203125,
            388.81951904296875
        ],
        [
            241.5978240966797,
            74.72019958496094,
            319.4876708984375,
            131.76219177246094
        ],
        [
            287.57659912109375,
            359.8558044433594,
            344.47039794921875,
            387.06243896484375
        ],
        [
            101.65409088134766,
            157.07711791992188,
            197.7735137939453,
            200.9347381591797
        ],
        [
            222.79949951171875,
            402.578125,
            285.1430969238281,
            427.2495422363281
        ],
        [
            140.97354125976562,
            327.0535888671875,
            206.95700073242188,
            351.1134948730469
        ],
        [
            59.87113571166992,
            381.11785888671875,
            151.15426635742188,
            406.93621826171875
        ],
        [
            669.3085327148438,
            553.419677734375,
            802.6680908203125,
            666.9286499023438
        ],
        [
            371.5833740234375,
            564.5131225585938,
            465.147216796875,
            631.2347412109375
        ],
        [
            -0.5145747661590576,
            487.1582946777344,
            444.5356140136719,
            519.087646484375
        ],
        [
            226.4697265625,
            557.0791625976562,
            342.70562744140625,
            652.519287109375
        ],
        [
            70.67521667480469,
            754.7304077148438,
            175.72137451171875,
            800.2806396484375
        ],
        [
            635.4418334960938,
            905.3587036132812,
            801.2074584960938,
            995.6917114257812
        ],
        [
            666.685791015625,
            1066.7210693359375,
            780.218017578125,
            1116.036865234375
        ],
        [
            508.7245178222656,
            886.541259765625,
            582.251220703125,
            938.4452514648438
        ],
        [
            106.49922943115234,
            862.3026733398438,
            244.71566772460938,
            968.925537109375
        ],
        [
            86.32588195800781,
            1105.398193359375,
            194.27076721191406,
            1156.1246337890625
        ]
    ],
    "characters": [
        [
            368.7936706542969,
            630.2232666015625,
            665.0274658203125,
            841.0796508789062
        ],
        [
            187.33441162109375,
            597.6630249023438,
            347.8179626464844,
            837.7484130859375
        ],
        [
            632.1629638671875,
            89.16960906982422,
            821.5619506835938,
            476.4689636230469
        ],
        [
            -0.9153610467910767,
            12.265618324279785,
            51.58511734008789,
            376.2178649902344
        ],
        [
            28.260650634765625,
            572.5250244140625,
            223.15618896484375,
            833.1096801757812
        ],
        [
            19.283870697021484,
            22.57769775390625,
            202.93655395507812,
            438.9299011230469
        ],
        [
            244.07504272460938,
            900.0604858398438,
            441.652587890625,
            1247.6224365234375
        ],
        [
            529.7210083007812,
            597.1503295898438,
            682.4458618164062,
            811.8663330078125
        ],
        [
            247.93972778320312,
            896.740478515625,
            438.5690002441406,
            1103.60400390625
        ],
        [
            145.33096313476562,
            234.2428741455078,
            312.43634033203125,
            487.1021423339844
        ],
        [
            70.76492309570312,
            570.1350708007812,
            216.18661499023438,
            718.1013793945312
        ],
        [
            294.5603942871094,
            132.12545776367188,
            530.3554077148438,
            488.16192626953125
        ],
        [
            447.20330810546875,
            46.462013244628906,
            631.8032836914062,
            477.1458435058594
        ],
        [
            436.6751708984375,
            985.7581787109375,
            714.4502563476562,
            1259.1995849609375
        ]
    ],
    "tails": [
        [
            203.5432586669922,
            1171.2601318359375,
            240.5990447998047,
            1197.722412109375
        ],
        [
            409.4564208984375,
            76.66716766357422,
            440.308349609375,
            103.93405151367188
        ],
        [
            625.541015625,
            631.498046875,
            656.8146362304688,
            657.7316284179688
        ],
        [
            173.08871459960938,
            220.4900665283203,
            227.0170135498047,
            254.9462127685547
        ],
        [
            660.99072265625,
            1136.3348388671875,
            692.0045166015625,
            1163.2742919921875
        ],
        [
            248.13648986816406,
            969.8146362304688,
            278.1380920410156,
            995.4633178710938
        ],
        [
            622.6799926757812,
            189.56289672851562,
            653.9988403320312,
            215.73995971679688
        ],
        [
            607.0975341796875,
            312.939453125,
            629.6017456054688,
            341.8837890625
        ],
        [
            405.202880859375,
            656.5420532226562,
            428.0923767089844,
            685.5646362304688
        ],
        [
            197.63259887695312,
            560.092041015625,
            226.7895965576172,
            585.2466430664062
        ]
    ],