{
    "panels": [
        [
            304.70538330078125,
            -1.0772502422332764,
            820.6636962890625,
            349.3639831542969
        ],
        [
            -0.18169045448303223,
            1.4186362028121948,
            306.63916015625,
            347.94110107421875
        ],
        [
            -1.0782586336135864,
            378.8315124511719,
            822.3507080078125,
            732.379638671875
        ],
        [
            275.1179504394531,
            756.9750366210938,
            823.3512573242188,
            1259.8680419921875
        ],
        [
            -1.1956175565719604,
            754.9800415039062,
            280.0246276855469,
            1258.6484375
        ]
    ],
    "texts": [
        [
            635.0588989257812,
            196.7089385986328,
            803.3346557617188,
            299.06353759765625
        ],
        [
            331.56341552734375,
            176.09934997558594,
            445.2308654785156,
            297.12744140625
        ],
        [
            156.86917114257812,
            212.53012084960938,
            292.4795227050781,
            316.5041809082031
        ],
        [
            663.6919555664062,
            451.7880859375,
            795.864990234375,
            564.698974609375
        ],
        [
            62.40080261230469,
            557.82421875,
            180.00450134277344,
            653.8513793945312
        ],
        [
            679.4476928710938,
            821.6068115234375,
            792.9274291992188,
            869.6527709960938
        ],
        [
            314.8276672363281,
            810.5027465820312,
            438.7750244140625,
            944.6738891601562
        ],
        [
            192.1237030029297,
            813.7504272460938,
            244.5542755126953,
            839.8546142578125
        ],
        [
            176.4531707763672,
            1089.9898681640625,
            267.05322265625,
            1173.6356201171875
        ]
    ],
    "characters": [
        [
            437.8392333984375,
            33.38682174682617,
            472.8648681640625,
            107.79554748535156
        ],
        [
            -1.0130764245986938,
            -0.00397723913192749,
            303.5907287597656,
            341.052978515625
        ],
        [
            62.393863677978516,
            442.3637390136719,
            377.96856689453125,
            725.7333374023438
        ],
        [
            535.5553588867188,
            19.366395950317383,
            745.5707397460938,
            328.13055419921875
        ],
        [
            500.6305236816406,
            428.40216064453125,
            566.6311645507812,
            597.1551513671875
        ],
        [
            0.6137659549713135,
            771.6146850585938,
            202.43177795410156,
            1261.5255126953125
        ]
    ],
    "tails": [
        [
            623.8741455078125,
            492.0428161621094,
            655.7886352539062,
            517.6807250976562
        ],
        [
            173.56768798828125,
            657.9470825195312,
            214.54940795898438,
            685.989501953125
        ],
        [
            437.0789794921875,
            152.4584503173828,
            464.62457275390625,
            191.48204040527344
        ],
        [
            183.94461059570312,
            861.1965942382812,
            208.96267700195312,
            886.5326538085938
        ],
        [
            559.5089721679688,
            210.50350952148438,
            637.0927124023438,
            256.7005615234375
        ]
    ],
    "text_character_associations": [
        [
            0,
            3
        ],
        [
            1,
            0
        ],
        [
            2,
            1
        ],
        [
            3,
            4
        ],
        [
            4,
            2
        ],
        [
            5,
            5
        ],
        [
            6,
            5
        ],
        [
            7,
            5
        ],
        [
            8,
            5
        ]
    ],
    "text_tail_associations": [
        [
            0,
            4
        ],
        [
            1,
            2
        ],
        [
            3,
            0
        ],
        [
            4,
            1
        ],
        [
            7,
            3
        ]
    ],
    "character_cluster_labels": [
        0,
        0,
        0,
        0,
        0,
        0
    ],
    "is_essential_text": [
        true,
        true,
        true,
        true,
        true,
        true,
        true,
        true,
        true
    ],
    "ocr": [
        "both meeting Dad, and the whole \"dragon\" situation.",
        "Why did you keep all those things to yourself?",
        "Why didn't you tell me before all these happened?",
        "Would you have believed me if I had done so?",
        "... maybe not.",
        "There are things...",
        "that you need to figure out yourself instead of asking.",
        "Eh...",
        "Seri- Ously, this woman."
    ],
    "character_names": [
        "ruri",
        "ruri",
        "ruri",
        "ruri",
        "ruri",
        "ruri"
    ]
}