{
    "panels": [
        [
            302.7026062011719,
            0.5627699494361877,
            867.770751953125,
            307.7685241699219
        ],
        [
            40.0498046875,
            0.3912046253681183,
            308.1827697753906,
            310.56683349609375
        ],
        [
            406.10943603515625,
            311.6870422363281,
            867.1544189453125,
            1260.6265869140625
        ],
        [
            37.90339279174805,
            335.9677429199219,
            406.6231994628906,
            584.2186889648438
        ],
        [
            36.22260284423828,
            609.9959106445312,
            403.7605895996094,
            987.3008422851562
        ],
        [
            40.87064743041992,
            1018.8058471679688,
            400.9855651855469,
            1238.5107421875
        ]
    ],
    "texts": [
        [
            714.71923828125,
            143.36729431152344,
            799.270263671875,
            244.4042205810547
        ],
        [
            598.6273193359375,
            171.70596313476562,
            709.93505859375,
            275.0865173339844
        ],
        [
            330.7064208984375,
            154.57427978515625,
            442.7796936035156,
            256.7106628417969
        ],
        [
            211.84677124023438,
            224.95472717285156,
            272.5119323730469,
            285.72381591796875
        ],
        [
            107.92865753173828,
            224.2583770751953,
            194.89453125,
            306.8978576660156
        ],
        [
            50.85942459106445,
            212.59005737304688,
            96.77690887451172,
            235.97389221191406
        ],
        [
            576.4284057617188,
            377.4016418457031,
            751.80078125,
            475.7975769042969
        ],
        [
            469.4652404785156,
            567.8226928710938,
            611.7291870117188,
            627.1219482421875
        ],
        [
            472.58233642578125,
            786.7212524414062,
            552.4403686523438,
            826.7552490234375
        ],
        [
            280.0020751953125,
            391.0110778808594,
            391.22711181640625,
            453.1407470703125
        ],
        [
            64.86965942382812,
            491.47064208984375,
            108.4969253540039,
            516.2899780273438
        ]
    ],
    "characters": [
        [
            192.8796844482422,
            360.5818176269531,
            381.0874938964844,
            578.4259643554688
        ],
        [
            44.729984283447266,
            617.9588012695312,
            402.74505615234375,
            979.6373901367188
        ],
        [
            150.03932189941406,
            1021.3195190429688,
            393.7613525390625,
            1235.2203369140625
        ],
        [
            45.27579116821289,
            24.713504791259766,
            122.43598175048828,
            207.7630157470703
        ],
        [
            50.11463165283203,
            432.10650634765625,
            180.7302703857422,
            576.7974853515625
        ],
        [
            157.3032684326172,
            44.33397674560547,
            260.8156433105469,
            210.6642608642578
        ],
        [
            509.1335144042969,
            31.654254913330078,
            632.3643798828125,
            296.8374938964844
        ]
    ],
    "tails": [
        [
            245.55862426757812,
            169.46107482910156,
            272.5328369140625,
            204.5264434814453
        ],
        [
            266.8299865722656,
            459.85260009765625,
            296.9461669921875,
            485.18731689453125
        ]
    ],
    "text_character_associations": [
        [
            0,
            6
        ],
        [
            1,
            6
        ],
        [
            2,
            6
        ],
        [
            3,
            5
        ],
        [
            4,
            5
        ],
        [
            5,
            3
        ],
        [
            6,
            0
        ],
        [
            7,
            0
        ],
        [
            8,
            0
        ],
        [
            9,
            0
        ],
        [
            10,
            4
        ]
    ],
    "text_tail_associations": [
        [
            3,
            0
        ],
        [
            4,
            0
        ],
        [
            9,
            1
        ]
    ],
    "character_cluster_labels": [
        0,
        0,
        0,
        0,
        0,
        0,
        1
    ],
    "is_essential_text": [
        true,
        true,
        true,
        true,
        true,
        true,
        true,
        true,
        true,
        true,
        true
    ],
    "ocr": [
        "What are you up to this time?",
        "If mom keeps playing house like that...",
        "This smart daughter of yours won't be so happy.",
        "Ah... no good.",
        "I have to take a break here.",
        "Eh...",
        "Go straight ahead and you will see an old shrine.",
        "Go by yourself.",
        "Ehh...",
        "It's in the shrine, right?",
        "Yep."
    ],
    "character_names": [
        "ruri",
        "ruri",
        "ruri",
        "ruri",
        "ruri",
        "ruri",
        "Other"
    ]
}