{
    "panels": [
        [
            268.1553039550781,
            0.03765244781970978,
            789.674072265625,
            267.47088623046875
        ],
        [
            3.1288628578186035,
            -1.2177950143814087,
            274.2364807128906,
            266.4314880371094
        ],
        [
            -0.5172300338745117,
            300.2773742675781,
            824.9666137695312,
            747.3637084960938
        ],
        [
            394.9593811035156,
            769.4531860351562,
            825.8389282226562,
            1258.7274169921875
        ],
        [
            158.2263641357422,
            757.6124877929688,
            399.7121887207031,
            1257.7022705078125
        ],
        [
            2.5290496349334717,
            763.8505249023438,
            154.1844024658203,
            1201.7503662109375
        ]
    ],
    "texts": [
        [
            748.0390014648438,
            156.7384490966797,
            804.0424194335938,
            190.54904174804688
        ],
        [
            484.92059326171875,
            190.75521850585938,
            543.5357666015625,
            230.39080810546875
        ],
        [
            302.4054870605469,
            30.275373458862305,
            421.92022705078125,
            106.16231536865234
        ],
        [
            274.3061828613281,
            164.82762145996094,
            358.4480895996094,
            218.11672973632812
        ],
        [
            212.74684143066406,
            135.43838500976562,
            264.27996826171875,
            166.72117614746094
        ],
        [
            86.9596176147461,
            202.70919799804688,
            136.33555603027344,
            234.33399963378906
        ],
        [
            99.29985046386719,
            585.1505737304688,
            213.41798400878906,
            632.6571655273438
        ],
        [
            694.4328002929688,
            818.64599609375,
            777.3541259765625,
            865.3017578125
        ],
        [
            555.2890014648438,
            825.507568359375,
            673.6151733398438,
            869.0413818359375
        ],
        [
            608.9054565429688,
            1028.49560546875,
            636.82958984375,
            1078.071533203125
        ],
        [
            409.4910888671875,
            1012.592041015625,
            530.279052734375,
            1093.0748291015625
        ],
        [
            178.71746826171875,
            826.9204711914062,
            217.27789306640625,
            862.0480346679688
        ]
    ],
    "characters": [
        [
            546.6890258789062,
            35.19394302368164,
            637.1171264648438,
            232.7435302734375
        ],
        [
            -0.10972835123538971,
            3.226957321166992,
            272.15777587890625,
            264.14898681640625
        ],
        [
            230.47532653808594,
            916.8546142578125,
            393.91741943359375,
            1256.803466796875
        ],
        [
            252.30581665039062,
            918.5748291015625,
            359.2486267089844,
            1156.255126953125
        ],
        [
            512.9559936523438,
            456.14227294921875,
            718.0930786132812,
            738.33935546875
        ],
        [
            628.1520385742188,
            1109.114990234375,
            652.9959106445312,
            1171.063232421875
        ],
        [
            2.510869026184082,
            773.5194091796875,
            152.83103942871094,
            1190.557861328125
        ]
    ],
    "tails": [
        [
            517.1790771484375,
            1100.5911865234375,
            551.9181518554688,
            1130.0267333984375
        ],
        [
            204.2545928955078,
            661.4961547851562,
            265.1073303222656,
            693.8626098632812
        ],
        [
            724.9343872070312,
            899.27587890625,
            756.3998413085938,
            936.441650390625
        ],
        [
            418.3130798339844,
            99.40866088867188,
            457.8562316894531,
            129.89407348632812
        ],
        [
            131.13735961914062,
            205.0250244140625,
            161.47572326660156,
            234.25701904296875
        ],
        [
            66.5235824584961,
            184.76364135742188,
            90.78671264648438,
            216.87977600097656
        ]
    ],
    "text_character_associations": [
        [
            0,
            0
        ],
        [
            1,
            0
        ],
        [
            2,
            0
        ],
        [
            3,
            0
        ],
        [
            4,
            1
        ],
        [
            5,
            1
        ],
        [
            6,
            4
        ],
        [
            7,
            5
        ],
        [
            8,
            5
        ],
        [
            9,
            5
        ],
        [
            10,
            5
        ],
        [
            11,
            3
        ]
    ],
    "text_tail_associations": [
        [
            2,
            3
        ],
        [
            3,
            3
        ],
        [
            5,
            5
        ],
        [
            6,
            1
        ],
        [
            7,
            2
        ],
        [
            8,
            2
        ],
        [
            10,
            0
        ]
    ],
    "character_cluster_labels": [
        0,
        0,
        0,
        0,
        0,
        0,
        0
    ],
    "is_essential_text": [
        false,
        false,
        true,
        true,
        false,
        true,
        true,
        true,
        true,
        false,
        true,
        true
    ],
    "ocr": [
        "HAH",
        "HAH",
        "CRAP: I'm so tired to go back now...",
        "AND IT'S TOO FAR...",
        "HAH",
        "HAH",
        "Finally made it...",
        "This place...",
        "Does seem really old.",
        "\u201cI\u2019m",
        "No one probably manages it anymore.",
        "!!"
    ],
    "character_names": [
        "ruri",
        "ruri",
        "ruri",
        "ruri",
        "ruri",
        "ruri",
        "ruri"
    ]
}