{
    "panels": [
        [
            280.0249938964844,
            1.892903208732605,
            866.7736206054688,
            275.687255859375
        ],
        [
            41.31822204589844,
            2.53568696975708,
            277.5517578125,
            289.7431335449219
        ],
        [
            38.32413101196289,
            316.43701171875,
            867.1574096679688,
            784.223876953125
        ],
        [
            554.71826171875,
            815.0929565429688,
            865.9280395507812,
            1258.451904296875
        ],
        [
            40.168128967285156,
            812.1891479492188,
            547.5770874023438,
            1260.531005859375
        ]
    ],
    "texts": [
        [
            364.7375793457031,
            143.13363647460938,
            491.2405090332031,
            210.84703063964844
        ],
        [
            300.7152099609375,
            69.63249206542969,
            329.9435119628906,
            119.51130676269531
        ],
        [
            529.636962890625,
            569.8817749023438,
            726.4484252929688,
            687.3162841796875
        ],
        [
            164.04550170898438,
            391.8762512207031,
            317.4350280761719,
            507.5408020019531
        ],
        [
            636.092041015625,
            1096.123291015625,
            674.4273071289062,
            1168.72802734375
        ],
        [
            368.17303466796875,
            862.0695190429688,
            527.981201171875,
            985.347412109375
        ],
        [
            55.27122116088867,
            842.286865234375,
            193.74871826171875,
            963.0927124023438
        ]
    ],
    "characters": [
        [
            48.13368225097656,
            30.93988037109375,
            242.8990020751953,
            281.9480285644531
        ],
        [
            579.9168701171875,
            120.60169219970703,
            681.989013671875,
            247.02479553222656
        ],
        [
            231.08767700195312,
            823.9857177734375,
            542.2203369140625,
            1259.349853515625
        ],
        [
            269.5991516113281,
            1065.4229736328125,
            539.179443359375,
            1259.21533203125
        ],
        [
            190.4798583984375,
            1179.35498046875,
            241.64410400390625,
            1241.91748046875
        ],
        [
            506.3392333984375,
            1.434995412826538,
            862.2528076171875,
            252.8575897216797
        ],
        [
            492.19061279296875,
            76.51546478271484,
            587.6919555664062,
            253.11776733398438
        ],
        [
            555.86328125,
            821.4692993164062,
            852.8751831054688,
            1257.5823974609375
        ],
        [
            169.02261352539062,
            505.5867614746094,
            518.1670532226562,
            780.8919677734375
        ],
        [
            663.830322265625,
            319.51702880859375,
            861.22998046875,
            443.3915710449219
        ]
    ],
    "tails": [
        [
            172.5539093017578,
            954.6708984375,
            223.4130859375,
            985.19189453125
        ],
        [
            325.9061584472656,
            970.3931884765625,
            372.92071533203125,
            1005.0477294921875
        ],
        [
            493.7522277832031,
            198.01959228515625,
            552.2140502929688,
            234.4772491455078
        ],
        [
            586.66015625,
            724.5044555664062,
            625.8297119140625,
            753.3109130859375
        ]
    ],
    "text_character_associations": [
        [
            0,
            5
        ],
        [
            2,
            8
        ],
        [
            3,
            8
        ],
        [
            4,
            7
        ],
        [
            5,
            2
        ],
        [
            6,
            2
        ]
    ],
    "text_tail_associations": [
        [
            0,
            2
        ],
        [
            2,
            3
        ],
        [
            5,
            1
        ],
        [
            6,
            0
        ]
    ],
    "character_cluster_labels": [
        0,
        1,
        2,
        3,
        4,
        5,
        6,
        4,
        4,
        7
    ],
    "is_essential_text": [
        true,
        true,
        true,
        false,
        true,
        true,
        true
    ],
    "ocr": [
        "Hmmm:?! Ruri?!",
        ":!?",
        "Sorry, I didn't realize it was you.",
        "?.??.",
        ":?",
        "I'm terribly sorry for scaring you...",
        "It's been over 10 years since I last saw a human."
    ],
    "character_names": [
        "mom",
        "ukka",
        "Other",
        "Other",
        "ruri",
        "Other",
        "Other",
        "ruri",
        "ruri",
        "Other"
    ]
}