{
    "panels": [
        [
            757.0548095703125,
            -1.9842108488082886,
            839.6155395507812,
            215.87448120117188
        ],
        [
            254.55120849609375,
            2.253781318664551,
            765.1204833984375,
            208.74855041503906
        ],
        [
            40.827171325683594,
            1.5518079996109009,
            262.2997131347656,
            207.11221313476562
        ],
        [
            40.112548828125,
            242.993896484375,
            863.6344604492188,
            783.5950317382812
        ],
        [
            512.4495239257812,
            802.2257080078125,
            865.0022583007812,
            1259.613525390625
        ],
        [
            192.9372100830078,
            801.160888671875,
            508.815673828125,
            1262.68310546875
        ],
        [
            39.28527069091797,
            797.0062866210938,
            194.05120849609375,
            1224.7159423828125
        ]
    ],
    "texts": [
        [
            644.7097778320312,
            85.70317840576172,
            729.2835693359375,
            158.40716552734375
        ],
        [
            284.35247802734375,
            77.14228057861328,
            339.65618896484375,
            104.47968292236328
        ],
        [
            139.55349731445312,
            138.39048767089844,
            251.38572692871094,
            165.66050720214844
        ],
        [
            601.3142700195312,
            286.57940673828125,
            693.300537109375,
            374.267578125
        ],
        [
            435.6358642578125,
            306.297607421875,
            571.3314208984375,
            393.5024108886719
        ],
        [
            192.24961853027344,
            291.5422058105469,
            279.1852111816406,
            323.7382507324219
        ],
        [
            73.34051513671875,
            307.4774169921875,
            201.44459533691406,
            408.1485595703125
        ],
        [
            84.74217987060547,
            477.08160400390625,
            223.34286499023438,
            580.268310546875
        ],
        [
            652.375244140625,
            816.5015869140625,
            772.9793701171875,
            925.3499145507812
        ],
        [
            545.8092041015625,
            913.2335205078125,
            648.8788452148438,
            943.7510986328125
        ],
        [
            483.29290771484375,
            869.9821166992188,
            527.350341796875,
            899.0961303710938
        ],
        [
            369.3009948730469,
            859.6264038085938,
            472.8252868652344,
            921.0108642578125
        ],
        [
            273.66912841796875,
            854.6243896484375,
            362.93182373046875,
            970.087890625
        ],
        [
            444.5548400878906,
            1148.7957763671875,
            470.5521240234375,
            1176.4012451171875
        ],
        [
            117.31941986083984,
            839.0223999023438,
            177.3553009033203,
            863.1526489257812
        ],
        [
            75.32433319091797,
            1124.9151611328125,
            177.66578674316406,
            1151.1724853515625
        ]
    ],
    "characters": [
        [
            662.6327514648438,
            953.1568603515625,
            865.7872924804688,
            1261.7537841796875
        ],
        [
            198.46205139160156,
            809.717041015625,
            425.43316650390625,
            1258.609375
        ],
        [
            42.69719696044922,
            3.9895834922790527,
            216.9327850341797,
            208.87982177734375
        ],
        [
            337.3020324707031,
            1012.3551635742188,
            437.2452087402344,
            1257.0296630859375
        ]
    ],
    "tails": [
        [
            102.0179443359375,
            125.13835906982422,
            135.23536682128906,
            158.265625
        ],
        [
            279.7967529296875,
            985.1381225585938,
            321.9844055175781,
            1026.55517578125
        ],
        [
            470.8943176269531,
            425.10406494140625,
            498.39373779296875,
            462.3343811035156
        ],
        [
            156.73667907714844,
            599.455810546875,
            205.07315063476562,
            639.6170654296875
        ]
    ],
    "text_character_associations": [
        [
            0,
            2
        ],
        [
            1,
            2
        ],
        [
            2,
            2
        ],
        [
            8,
            0
        ],
        [
            9,
            0
        ],
        [
            10,
            3
        ],
        [
            11,
            3
        ],
        [
            12,
            1
        ],
        [
            13,
            3
        ],
        [
            14,
            1
        ],
        [
            15,
            1
        ]
    ],
    "text_tail_associations": [
        [
            2,
            0
        ],
        [
            3,
            2
        ],
        [
            4,
            2
        ],
        [
            5,
            3
        ],
        [
            6,
            3
        ],
        [
            7,
            3
        ],
        [
            11,
            1
        ],
        [
            12,
            1
        ]
    ],
    "character_cluster_labels": [
        0,
        1,
        0,
        0
    ],
    "is_essential_text": [
        true,
        true,
        true,
        true,
        true,
        true,
        true,
        true,
        true,
        true,
        true,
        true,
        true,
        true,
        true,
        true
    ],
    "ocr": [
        "How's UMI now?",
        "Yes?",
        "Ah! Mom!",
        "She's resting down there",
        "And told me to get here myself.",
        "Haha!",
        "She's still as lazy as ever",
        "But I'm relieved to hear that.",
        "This person... no, this dragon is really...",
        "My dad?",
        "So,",
        "What did you want to ask?",
        "I will answer all of your Ques- Tions.",
        "!!",
        "Yes...",
        "You see..."
    ],
    "character_names": [
        "ruri",
        "Other",
        "ruri",
        "ruri"
    ]
}