{
    "panels": [
        [
            -2.6594398021698,
            1.5648934841156006,
            820.1119384765625,
            376.9389343261719
        ],
        [
            515.9641723632812,
            397.26922607421875,
            824.462890625,
            1259.8092041015625
        ],
        [
            1.4891502857208252,
            402.2574768066406,
            521.9669799804688,
            915.2428588867188
        ],
        [
            134.62295532226562,
            935.6282958984375,
            508.1668701171875,
            1258.489013671875
        ],
        [
            -0.14333772659301758,
            935.0469970703125,
            135.0677947998047,
            1259.7293701171875
        ]
    ],
    "texts": [
        [
            630.396728515625,
            0.011585819534957409,
            683.7830200195312,
            7.51744270324707
        ],
        [
            701.4778442382812,
            156.9022979736328,
            802.880126953125,
            261.2771911621094
        ],
        [
            58.04298400878906,
            166.9996795654297,
            244.6474151611328,
            286.74609375
        ],
        [
            733.2517700195312,
            381.6422119140625,
            790.6149291992188,
            466.1722106933594
        ],
        [
            598.2944946289062,
            490.72607421875,
            772.8656005859375,
            629.724853515625
        ],
        [
            493.10418701171875,
            451.25341796875,
            559.7160034179688,
            478.0777282714844
        ],
        [
            672.6087646484375,
            736.6937866210938,
            792.3312377929688,
            779.878662109375
        ],
        [
            361.36761474609375,
            450.9189758300781,
            484.2259521484375,
            565.9034423828125
        ],
        [
            252.5879669189453,
            456.1529235839844,
            326.0438537597656,
            508.122314453125
        ],
        [
            1.5980149507522583,
            380.2223205566406,
            263.84088134765625,
            399.7793884277344
        ],
        [
            109.87885284423828,
            439.6313781738281,
            239.8281707763672,
            548.1519775390625
        ],
        [
            63.437442779541016,
            604.8553466796875,
            175.24774169921875,
            734.8154296875
        ],
        [
            375.6795959472656,
            810.2511596679688,
            472.0293273925781,
            899.2643432617188
        ],
        [
            378.46337890625,
            964.1337890625,
            506.3619079589844,
            1085.248779296875
        ],
        [
            73.67005157470703,
            979.6013793945312,
            124.17611694335938,
            1005.8047485351562
        ]
    ],
    "characters": [
        [
            523.2606811523438,
            425.84405517578125,
            694.16650390625,
            1098.4945068359375
        ],
        [
            283.8519592285156,
            84.15383911132812,
            450.92095947265625,
            367.8140563964844
        ],
        [
            524.916015625,
            408.3564758300781,
            818.953125,
            1103.6209716796875
        ],
        [
            311.9479064941406,
            640.0194702148438,
            512.2530517578125,
            920.0276489257812
        ],
        [
            144.04483032226562,
            944.3157958984375,
            484.8558349609375,
            1258.6663818359375
        ],
        [
            300.2487487792969,
            0.046263545751571655,
            815.5719604492188,
            359.2201232910156
        ],
        [
            -0.0063351914286613464,
            945.3983764648438,
            131.95233154296875,
            1257.5986328125
        ],
        [
            90.45877075195312,
            435.1888427734375,
            518.043701171875,
            901.0928344726562
        ],
        [
            449.8449401855469,
            192.6553497314453,
            628.042236328125,
            375.189697265625
        ],
        [
            702.3372192382812,
            904.67578125,
            779.2462158203125,
            1126.5159912109375
        ]
    ],
    "tails": [
        [
            169.57325744628906,
            731.49755859375,
            241.52984619140625,
            774.09619140625
        ],
        [
            235.68283081054688,
            105.64130401611328,
            273.37591552734375,
            135.56732177734375
        ],
        [
            711.7131958007812,
            819.9705810546875,
            741.1083374023438,
            858.1996459960938
        ],
        [
            427.0714416503906,
            1099.1824951171875,
            458.3271179199219,
            1134.0418701171875
        ],
        [
            82.32475280761719,
            1032.186279296875,
            110.7921371459961,
            1077.1915283203125
        ],
        [
            571.7150268554688,
            640.8786010742188,
            632.5924682617188,
            747.820068359375
        ],
        [
            344.3467712402344,
            575.954345703125,
            382.8670959472656,
            617.697265625
        ]
    ],
    "text_character_associations": [
        [
            0,
            5
        ],
        [
            1,
            5
        ],
        [
            2,
            1
        ],
        [
            3,
            2
        ],
        [
            4,
            0
        ],
        [
            5,
            0
        ],
        [
            6,
            9
        ],
        [
            7,
            7
        ],
        [
            8,
            7
        ],
        [
            10,
            7
        ],
        [
            11,
            3
        ],
        [
            12,
            3
        ],
        [
            13,
            4
        ],
        [
            14,
            6
        ]
    ],
    "text_tail_associations": [
        [
            2,
            1
        ],
        [
            4,
            5
        ],
        [
            5,
            6
        ],
        [
            6,
            2
        ],
        [
            7,
            6
        ],
        [
            8,
            6
        ],
        [
            10,
            0
        ],
        [
            11,
            0
        ],
        [
            13,
            3
        ],
        [
            14,
            4
        ]
    ],
    "character_cluster_labels": [
        0,
        1,
        1,
        1,
        1,
        1,
        0,
        0,
        2,
        1
    ],
    "is_essential_text": [
        true,
        false,
        true,
        false,
        true,
        true,
        true,
        true,
        true,
        false,
        true,
        true,
        true,
        true,
        true
    ],
    "ocr": [
        "The first time I was in the middle of the",
        "\"You'll",
        "How exactly did you two create me?",
        "!?",
        "You came here just to ask me that!?",
        "A-AH!",
        "Well, I'm curious.",
        "Do you have any other Ques- Tions?",
        "such as...",
        "Ten: I want to know as well....make",
        "Mom suddenly told me that I was a dragon.",
        "Then I came all the way here knowing nothing.",
        "How exactly was I born?",
        "If you don't tell me, I will be really sad, you know...",
        "Uh..."
    ],
    "character_names": [
        "Other",
        "ruri",
        "ruri",
        "ruri",
        "ruri",
        "ruri",
        "Other",
        "Other",
        "Other",
        "ruri"
    ]
}