{
    "panels": [
        [
            37.25236892700195,
            0.28510427474975586,
            862.690673828125,
            381.8921813964844
        ],
        [
            39.40586853027344,
            416.046142578125,
            868.2788696289062,
            665.5911254882812
        ],
        [
            572.0025634765625,
            683.316162109375,
            865.1322021484375,
            1261.6861572265625
        ],
        [
            30.115812301635742,
            683.2338256835938,
            574.7483520507812,
            1264.0911865234375
        ]
    ],
    "texts": [
        [
            647.9397583007812,
            149.6946258544922,
            765.0653686523438,
            263.1012878417969
        ],
        [
            737.9732055664062,
            759.0805053710938,
            853.5390625,
            838.0001831054688
        ],
        [
            602.86962890625,
            741.4070434570312,
            701.335693359375,
            842.470947265625
        ],
        [
            465.01507568359375,
            708.88525390625,
            540.6317138671875,
            786.9339599609375
        ],
        [
            386.1436767578125,
            760.8071899414062,
            467.9186706542969,
            820.0703125
        ],
        [
            214.79542541503906,
            715.3775024414062,
            285.2918701171875,
            812.5867919921875
        ],
        [
            534.6188354492188,
            1063.6209716796875,
            594.3204345703125,
            1092.7613525390625
        ],
        [
            397.96636962890625,
            1106.890380859375,
            527.0121459960938,
            1172.889404296875
        ],
        [
            65.4984359741211,
            1036.6439208984375,
            198.3213653564453,
            1162.3511962890625
        ]
    ],
    "characters": [
        [
            655.8815307617188,
            943.3697509765625,
            862.76318359375,
            1258.72998046875
        ],
        [
            454.4442138671875,
            963.5000610351562,
            501.9876403808594,
            1032.747802734375
        ],
        [
            40.49995803833008,
            0.8382406830787659,
            827.6927490234375,
            376.6488342285156
        ],
        [
            41.14066696166992,
            -0.35176053643226624,
            685.5284423828125,
            375.5129699707031
        ],
        [
            43.73988723754883,
            697.2610473632812,
            321.2989807128906,
            1026.8731689453125
        ],
        [
            411.9443359375,
            419.2286071777344,
            834.555908203125,
            658.2152099609375
        ]
    ],
    "tails": [
        [
            769.5986328125,
            892.2443237304688,
            796.6763916015625,
            930.3882446289062
        ],
        [
            424.0425109863281,
            841.7927856445312,
            450.8818664550781,
            872.3908081054688
        ],
        [
            227.608642578125,
            824.306396484375,
            263.3855285644531,
            865.9479370117188
        ]
    ],
    "text_character_associations": [
        [
            0,
            2
        ],
        [
            1,
            0
        ],
        [
            2,
            0
        ],
        [
            3,
            1
        ],
        [
            4,
            1
        ],
        [
            5,
            4
        ],
        [
            6,
            0
        ],
        [
            7,
            1
        ],
        [
            8,
            4
        ]
    ],
    "text_tail_associations": [
        [
            1,
            0
        ],
        [
            3,
            1
        ],
        [
            4,
            1
        ],
        [
            5,
            2
        ]
    ],
    "character_cluster_labels": [
        0,
        0,
        1,
        2,
        2,
        0
    ],
    "is_essential_text": [
        true,
        true,
        true,
        true,
        true,
        true,
        true,
        true,
        true
    ],
    "ocr": [
        "Ask your mom.",
        "PFFETT... AHAHA!!",
        "W-WHAT ARE YOU LAUG- HING ABOUT?",
        "Sorry, I was just joking.",
        "I just wanted to ask.",
        "Are you teas- ing me?",
        "I see.",
        "Though my dad looks like this.",
        "This is how it feels to have a dad by your side."
    ],
    "character_names": [
        "ruri",
        "ruri",
        "Other",
        "Other",
        "Other",
        "ruri"
    ]
}