{
    "panels": [
        [
            321.5882263183594,
            0.5386157035827637,
            860.7556762695312,
            365.3283996582031
        ],
        [
            38.5056037902832,
            0.14820843935012817,
            317.8533630371094,
            367.1991882324219
        ],
        [
            25.07328224182129,
            342.2622375488281,
            868.349609375,
            1254.560791015625
        ]
    ],
    "texts": [
        [
            684.4840087890625,
            188.32691955566406,
            820.4721069335938,
            251.65219116210938
        ],
        [
            225.43991088867188,
            230.95135498046875,
            279.9274597167969,
            257.4052429199219
        ],
        [
            577.488037109375,
            776.8796997070312,
            767.861572265625,
            876.9638061523438
        ],
        [
            774.6466064453125,
            997.1254272460938,
            828.8734741210938,
            1029.8116455078125
        ],
        [
            669.5551147460938,
            1015.4669799804688,
            782.4677734375,
            1132.56884765625
        ],
        [
            90.8864517211914,
            990.4531860351562,
            218.54608154296875,
            1062.3909912109375
        ],
        [
            68.02625274658203,
            1122.721923828125,
            175.8583221435547,
            1214.3544921875
        ]
    ],
    "characters": [
        [
            324.2891845703125,
            2.94270658493042,
            851.8388061523438,
            358.69342041015625
        ],
        [
            43.677982330322266,
            10.215651512145996,
            282.5418701171875,
            360.50372314453125
        ],
        [
            458.1051025390625,
            1032.675048828125,
            661.3394775390625,
            1254.854248046875
        ]
    ],
    "tails": [
        [
            626.2220458984375,
            1103.096435546875,
            669.2627563476562,
            1142.478759765625
        ],
        [
            224.11785888671875,
            1023.6319580078125,
            266.70849609375,
            1058.4937744140625
        ],
        [
            197.8545379638672,
            178.11138916015625,
            225.51629638671875,
            210.7741241455078
        ]
    ],
    "text_character_associations": [
        [
            0,
            0
        ],
        [
            1,
            1
        ],
        [
            2,
            2
        ],
        [
            3,
            2
        ],
        [
            4,
            2
        ],
        [
            5,
            2
        ],
        [
            6,
            2
        ]
    ],
    "text_tail_associations": [
        [
            1,
            2
        ],
        [
            3,
            0
        ],
        [
            4,
            0
        ],
        [
            5,
            1
        ],
        [
            6,
            1
        ]
    ],
    "character_cluster_labels": [
        0,
        1,
        1
    ],
    "is_essential_text": [
        true,
        true,
        true,
        true,
        true,
        true,
        true
    ],
    "ocr": [
        "Do you want to fly with me?",
        "Yes?",
        "UWA!!!!",
        "Why-",
        "Where did they come from, Dad?!",
        "Concea-ling our wings",
        "is also the way of the dragon."
    ],
    "character_names": [
        "Other",
        "ruri",
        "ruri"
    ]
}