{
    "panels": [
        [
            271.4242248535156,
            -0.5342507362365723,
            1203.9571533203125,
            878.552001953125
        ],
        [
            6.155093669891357,
            1.2936913967132568,
            254.86094665527344,
            215.54708862304688
        ],
        [
            -2.0351901054382324,
            230.78024291992188,
            321.1707763671875,
            683.4403076171875
        ],
        [
            -1.192191243171692,
            696.5584716796875,
            301.77740478515625,
            879.1156616210938
        ]
    ],
    "texts": [
        [
            274.3792724609375,
            141.99974060058594,
            303.5267028808594,
            171.33636474609375
        ],
        [
            232.1964874267578,
            150.40943908691406,
            270.8526611328125,
            197.57244873046875
        ],
        [
            70.0006332397461,
            151.4518280029297,
            144.39105224609375,
            204.5370635986328
        ],
        [
            212.7061004638672,
            281.9855041503906,
            306.3367004394531,
            338.5
        ],
        [
            210.27806091308594,
            709.4703979492188,
            281.968505859375,
            790.1737060546875
        ],
        [
            25.235504150390625,
            782.5764770507812,
            100.48707580566406,
            828.0315551757812
        ]
    ],
    "characters": [
        [
            -0.46205267310142517,
            239.24697875976562,
            321.4297790527344,
            677.2730712890625
        ],
        [
            119.06713104248047,
            32.05141067504883,
            236.6438446044922,
            214.5313262939453
        ],
        [
            7.222050666809082,
            9.293539047241211,
            120.31420135498047,
            213.94776916503906
        ],
        [
            243.9310302734375,
            2.433114528656006,
            330.83404541015625,
            209.56268310546875
        ]
    ],
    "tails": [
        [
            220.0278778076172,
            379.98345947265625,
            251.22918701171875,
            411.4455871582031
        ],
        [
            132.27186584472656,
            121.99507141113281,
            162.52682495117188,
            151.38534545898438
        ]
    ],
    "text_character_associations": [
        [
            0,
            3
        ],
        [
            1,
            3
        ],
        [
            2,
            1
        ],
        [
            3,
            0
        ],
        [
            4,
            0
        ],
        [
            5,
            0
        ]
    ],
    "text_tail_associations": [
        [
            2,
            1
        ],
        [
            3,
            0
        ]
    ],
    "character_cluster_labels": [
        0,
        0,
        1,
        0
    ],
    "is_essential_text": [
        false,
        true,
        true,
        true,
        true,
        true
    ],
    "ocr": [
        "further, and the",
        "For more information on",
        "AHaha Haha!!!",
        "This is awesome!",
        "My ears are buzzing!",
        "Pro- Baby Air Pressure"
    ],
    "character_names": [
        "Other",
        "Other",
        "Other",
        "Other"
    ]
}