{
    "panels": [
        [
            254.49424743652344,
            -0.10753554105758667,
            866.090576171875,
            318.5075378417969
        ],
        [
            42.965049743652344,
            0.5741294622421265,
            259.2237243652344,
            318.7714538574219
        ],
        [
            400.13092041015625,
            329.8636169433594,
            870.1248779296875,
            1263.563720703125
        ],
        [
            39.8284797668457,
            347.29644775390625,
            402.83856201171875,
            892.4004516601562
        ],
        [
            43.65550231933594,
            914.3955688476562,
            404.7477111816406,
            1258.3494873046875
        ]
    ],
    "texts": [
        [
            735.1271362304688,
            167.59906005859375,
            822.7296752929688,
            217.63027954101562
        ],
        [
            619.054931640625,
            200.32705688476562,
            739.31201171875,
            270.6279602050781
        ],
        [
            287.5157470703125,
            171.38644409179688,
            393.10174560546875,
            275.5635681152344
        ],
        [
            78.3132095336914,
            212.2258758544922,
            117.9202880859375,
            249.46633911132812
        ],
        [
            672.3457641601562,
            426.4477844238281,
            775.2443237304688,
            483.0658264160156
        ],
        [
            426.1578063964844,
            419.8272399902344,
            569.2899780273438,
            533.0567626953125
        ],
        [
            255.17161560058594,
            417.7945556640625,
            365.2664489746094,
            477.5378723144531
        ],
        [
            175.66848754882812,
            566.4695434570312,
            225.12960815429688,
            598.4490966796875
        ],
        [
            86.29204559326172,
            568.0387573242188,
            132.27679443359375,
            599.4598388671875
        ],
        [
            74.47960662841797,
            616.6558837890625,
            118.21129608154297,
            648.1736450195312
        ],
        [
            231.4029541015625,
            751.3191528320312,
            356.56219482421875,
            852.8417358398438
        ],
        [
            65.84742736816406,
            760.5287475585938,
            187.96524047851562,
            835.7359008789062
        ],
        [
            229.0366973876953,
            950.3449096679688,
            377.97296142578125,
            1049.510009765625
        ],
        [
            70.093017578125,
            954.5331420898438,
            161.3336944580078,
            1039.5052490234375
        ]
    ],
    "characters": [
        [
            137.77609252929688,
            23.276445388793945,
            175.57662963867188,
            119.37008666992188
        ],
        [
            221.11106872558594,
            1100.5767822265625,
            308.3122863769531,
            1257.554931640625
        ],
        [
            426.6714782714844,
            52.214237213134766,
            547.0277709960938,
            271.9128723144531
        ],
        [
            231.53463745117188,
            491.9869689941406,
            397.03179931640625,
            710.3937377929688
        ],
        [
            110.2856674194336,
            1089.3524169921875,
            249.19412231445312,
            1260.676025390625
        ],
        [
            638.277099609375,
            559.9131469726562,
            703.688720703125,
            697.6694946289062
        ],
        [
            275.4942321777344,
            1059.7744140625,
            399.6868896484375,
            1257.3699951171875
        ],
        [
            120.64779663085938,
            587.87890625,
            197.3910369873047,
            720.3833618164062
        ],
        [
            411.0635070800781,
            706.78515625,
            678.0309448242188,
            1258.191162109375
        ],
        [
            46.15398406982422,
            127.97636413574219,
            231.56195068359375,
            314.1655578613281
        ],
        [
            194.35800170898438,
            491.6948547363281,
            393.8771667480469,
            715.0154418945312
        ]
    ],
    "tails": [
        [
            699.9672241210938,
            517.9864501953125,
            732.3176879882812,
            555.396728515625
        ],
        [
            581.8785400390625,
            210.05380249023438,
            622.725341796875,
            250.6637725830078
        ],
        [
            106.1815185546875,
            1067.7335205078125,
            136.61874389648438,
            1116.13037109375
        ],
        [
            409.87548828125,
            175.4582061767578,
            452.4521789550781,
            219.92881774902344
        ],
        [
            93.77484130859375,
            257.2530822753906,
            118.8837661743164,
            286.35009765625
        ],
        [
            464.9730529785156,
            585.3880615234375,
            498.53021240234375,
            648.6542358398438
        ],
        [
            113.3153305053711,
            692.117431640625,
            141.70851135253906,
            728.6275634765625
        ],
        [
            253.41363525390625,
            1071.4666748046875,
            284.0364685058594,
            1102.61181640625
        ],
        [
            233.71646118164062,
            508.33734130859375,
            277.87359619140625,
            545.1987915039062
        ],
        [
            315.7568664550781,
            696.7261352539062,
            344.5207824707031,
            729.65380859375
        ]
    ],
    "text_character_associations": [
        [
            0,
            2
        ],
        [
            1,
            2
        ],
        [
            2,
            2
        ],
        [
            3,
            9
        ],
        [
            4,
            5
        ],
        [
            5,
            8
        ],
        [
            6,
            10
        ],
        [
            7,
            7
        ],
        [
            8,
            7
        ],
        [
            9,
            7
        ],
        [
            10,
            3
        ],
        [
            11,
            7
        ],
        [
            12,
            1
        ],
        [
            13,
            4
        ]
    ],
    "text_tail_associations": [
        [
            0,
            1
        ],
        [
            1,
            1
        ],
        [
            2,
            3
        ],
        [
            3,
            4
        ],
        [
            4,
            0
        ],
        [
            5,
            5
        ],
        [
            6,
            8
        ],
        [
            10,
            9
        ],
        [
            11,
            6
        ],
        [
            12,
            7
        ],
        [
            13,
            2
        ]
    ],
    "character_cluster_labels": [
        0,
        0,
        0,
        1,
        0,
        0,
        2,
        0,
        0,
        0,
        3
    ],
    "is_essential_text": [
        true,
        true,
        true,
        true,
        true,
        true,
        true,
        true,
        true,
        true,
        true,
        true,
        true,
        true
    ],