{
    "panels": [
        [
            264.341064453125,
            -3.16190505027771,
            863.3515625,
            414.9231872558594
        ],
        [
            41.761234283447266,
            0.6539931893348694,
            264.8326416015625,
            413.6364440917969
        ],
        [
            35.357330322265625,
            440.49267578125,
            864.9296875,
            838.577392578125
        ],
        [
            424.2510070800781,
            864.489013671875,
            858.124755859375,
            1257.0084228515625
        ],
        [
            40.33171081542969,
            863.331787109375,
            418.43359375,
            1257.1905517578125
        ]
    ],
    "texts": [
        [
            657.8243408203125,
            154.39669799804688,
            821.0106201171875,
            262.677490234375
        ],
        [
            565.34375,
            295.1065673828125,
            660.0640869140625,
            354.84521484375
        ],
        [
            238.68617248535156,
            274.39434814453125,
            310.22198486328125,
            299.186767578125
        ],
        [
            150.89358520507812,
            291.5746765136719,
            221.64080810546875,
            348.4726867675781
        ],
        [
            655.6915893554688,
            499.24237060546875,
            780.2890014648438,
            628.3983154296875
        ],
        [
            75.55502319335938,
            522.3910522460938,
            241.47976684570312,
            631.3779296875
        ],
        [
            113.68375396728516,
            738.2739868164062,
            194.53692626953125,
            765.3247680664062
        ],
        [
            735.7893676757812,
            946.1897583007812,
            819.8438110351562,
            1016.618408203125
        ],
        [
            691.8150024414062,
            1071.789306640625,
            793.5316772460938,
            1167.703857421875
        ],
        [
            457.3074035644531,
            1161.0059814453125,
            572.0081176757812,
            1188.368408203125
        ],
        [
            219.23521423339844,
            1102.6610107421875,
            376.9510803222656,
            1192.9600830078125
        ]
    ],
    "characters": [
        [
            553.5662841796875,
            105.94347381591797,
            618.52294921875,
            258.9507141113281
        ],
        [
            331.9421691894531,
            586.6351318359375,
            381.57269287109375,
            727.29248046875
        ],
        [
            419.2265930175781,
            581.552001953125,
            620.3267822265625,
            833.1473388671875
        ],
        [
            302.0710144042969,
            95.10094451904297,
            535.4209594726562,
            408.75445556640625
        ],
        [
            43.76762771606445,
            0.7357329726219177,
            260.5576171875,
            408.89605712890625
        ],
        [
            429.1937255859375,
            872.91650390625,
            738.5296020507812,
            1256.885009765625
        ],
        [
            579.4196166992188,
            1024.982666015625,
            734.790771484375,
            1257.65380859375
        ],
        [
            43.95496368408203,
            868.29150390625,
            414.0082092285156,
            1257.8116455078125
        ]
    ],
    "tails": [
        [
            517.7305908203125,
            292.54302978515625,
            551.929443359375,
            326.4893798828125
        ],
        [
            557.2944946289062,
            505.8596496582031,
            624.3132934570312,
            537.320068359375
        ],
        [
            143.2954559326172,
            221.631591796875,
            168.8369598388672,
            257.74530029296875
        ],
        [
            241.74087524414062,
            620.7546997070312,
            290.2787780761719,
            651.91259765625
        ],
        [
            655.3433227539062,
            1122.9901123046875,
            685.9600219726562,
            1152.17236328125
        ],
        [
            212.7483367919922,
            1058.5010986328125,
            241.80364990234375,
            1097.443115234375
        ],
        [
            183.40687561035156,
            786.5877685546875,
            218.1191864013672,
            811.7118530273438
        ],
        [
            461.9605712890625,
            1074.5023193359375,
            490.9115295410156,
            1117.960205078125
        ]
    ],
    "text_character_associations": [
        [
            0,
            3
        ],
        [
            1,
            3
        ],
        [
            2,
            3
        ],
        [
            3,
            4
        ],
        [
            4,
            1
        ],
        [
            5,
            1
        ],
        [
            6,
            2
        ],
        [
            7,
            5
        ],
        [
            8,
            6
        ],
        [
            9,
            5
        ],
        [
            10,
            7
        ]
    ],
    "text_tail_associations": [
        [
            0,
            0
        ],
        [
            1,
            0
        ],
        [
            3,
            2
        ],
        [
            4,
            1
        ],
        [
            5,
            3
        ],
        [
            6,
            6
        ],
        [
            7,
            4
        ],
        [
            8,
            4
        ],
        [
            9,
            7
        ],
        [
            10,
            5
        ]
    ],
    "character_cluster_labels": [
        0,
        0,
        0,
        0,
        0,
        0,
        0,
        0
    ],
    "is_essential_text": [
        true,
        true,
        true,
        true,
        true,
        true,
        true,
        true,
        true,
        true,
        true
    ],
    "ocr": [
        "Come on, this is the first time we actually got together.",
        "C'mere, honey.",
        "Well...",
        "Gu...I guess so.",
        "What do you think? Since you already talked to your dad.",
        "Doesn't he seem more like a human than a monster?",
        "What?",
        "Ah, to be honest,",
        "He doesn't smell one bit like a monster.",
        "I wonder.",
        "Well, interesting creatures are everywhere."
    ],
    "character_names": [
        "ruri",
        "ruri",
        "ruri",
        "ruri",
        "ruri",
        "ruri",
        "ruri",
        "ruri"
    ]
}