{
    "panels": [
        [
            43.319820404052734,
            -0.6984847784042358,
            855.2465209960938,
            432.1556091308594
        ],
        [
            35.067161560058594,
            461.4233703613281,
            793.8330078125,
            681.7679443359375
        ],
        [
            36.12394332885742,
            711.60107421875,
            864.7303466796875,
            1257.426025390625
        ]
    ],
    "texts": [
        [
            647.89111328125,
            152.56661987304688,
            764.2061157226562,
            244.16012573242188
        ],
        [
            511.63604736328125,
            61.06979751586914,
            620.0679321289062,
            93.86241149902344
        ],
        [
            426.0633544921875,
            57.16373825073242,
            473.63800048828125,
            81.75749206542969
        ],
        [
            303.69384765625,
            -0.45725998282432556,
            351.6910705566406,
            14.701496124267578
        ],
        [
            121.02753448486328,
            293.21044921875,
            210.72055053710938,
            358.2922668457031
        ],
        [
            289.1114196777344,
            452.0780029296875,
            381.5945129394531,
            522.8345947265625
        ],
        [
            355.84014892578125,
            608.0360717773438,
            423.11029052734375,
            670.1227416992188
        ],
        [
            164.26405334472656,
            519.7846069335938,
            273.5043029785156,
            590.8615112304688
        ],
        [
            405.866943359375,
            1127.3382568359375,
            446.6605224609375,
            1157.9803466796875
        ]
    ],
    "characters": [
        [
            622.0601806640625,
            822.4866943359375,
            862.831787109375,
            1257.4599609375
        ],
        [
            369.3319396972656,
            518.0474243164062,
            529.1144409179688,
            674.7708129882812
        ],
        [
            39.65507507324219,
            728.6483764648438,
            415.8686828613281,
            1258.431396484375
        ],
        [
            41.064208984375,
            719.7249145507812,
            689.7832641601562,
            1255.5831298828125
        ],
        [
            512.8820190429688,
            469.483154296875,
            698.8814697265625,
            675.0293579101562
        ]
    ],
    "tails": [
        [
            349.4201965332031,
            543.0820922851562,
            385.0751037597656,
            572.8390502929688
        ]
    ],
    "text_character_associations": [
        [
            5,
            1
        ],
        [
            6,
            1
        ],
        [
            7,
            1
        ],
        [
            8,
            3
        ]
    ],
    "text_tail_associations": [
        [
            5,
            0
        ],
        [
            7,
            0
        ]
    ],
    "character_cluster_labels": [
        0,
        1,
        1,
        1,
        0
    ],
    "is_essential_text": [
        true,
        false,
        false,
        false,
        true,
        true,
        false,
        true,
        false
    ],
    "ocr": [
        "I messed up the camera's angle.",
        "9 x (0.5)",
        "16:12",
        "10.13",
        "WRONG ONE!",
        "It's OK, give it to me.",
        "!!?",
        "I will take the photo.",
        "!!?"
    ],
    "character_names": [
        "mom",
        "ruri",
        "ruri",
        "ruri",
        "mom"
    ]
}