{
    "panels": [
        [
            338.8323059082031,
            -0.4143369197845459,
            823.44677734375,
            303.7740478515625
        ],
        [
            1.4112582206726074,
            3.2616076469421387,
            335.1488342285156,
            300.5000915527344
        ],
        [
            59.46043395996094,
            334.20477294921875,
            817.486572265625,
            487.390869140625
        ],
        [
            -0.1218714714050293,
            505.7806396484375,
            823.122802734375,
            1258.8575439453125
        ]
    ],
    "texts": [
        [
            670.2948608398438,
            173.8511962890625,
            745.9575805664062,
            245.07640075683594
        ],
        [
            175.64967346191406,
            208.68191528320312,
            233.10012817382812,
            239.55181884765625
        ],
        [
            229.50990295410156,
            377.5588684082031,
            322.38629150390625,
            428.530029296875
        ],
        [
            86.95626831054688,
            665.544677734375,
            264.3450622558594,
            739.933349609375
        ],
        [
            17.337263107299805,
            851.2613525390625,
            173.36520385742188,
            1028.2532958984375
        ],
        [
            194.81002807617188,
            1177.391845703125,
            402.34619140625,
            1238.2181396484375
        ]
    ],
    "characters": [
        [
            2.2425479888916016,
            601.7888793945312,
            822.0379638671875,
            1254.37060546875
        ],
        [
            -0.8901832103729248,
            56.15095901489258,
            335.2861328125,
            294.2297058105469
        ],
        [
            133.1017303466797,
            606.502685546875,
            820.6676025390625,
            1248.988525390625
        ],
        [
            374.98272705078125,
            338.2231140136719,
            618.4081420898438,
            478.52764892578125
        ]
    ],
    "tails": [
        [
            236.7557373046875,
            790.7787475585938,
            280.4087829589844,
            819.2938232421875
        ],
        [
            227.84814453125,
            178.91616821289062,
            252.7770233154297,
            209.46205139160156
        ],
        [
            318.1180419921875,
            442.8331298828125,
            348.056640625,
            465.8537902832031
        ]
    ],
    "text_character_associations": [
        [
            0,
            3
        ],
        [
            1,
            1
        ],
        [
            2,
            3
        ],
        [
            3,
            2
        ],
        [
            4,
            2
        ],
        [
            5,
            2
        ]
    ],
    "text_tail_associations": [
        [
            1,
            1
        ],
        [
            2,
            2
        ],
        [
            3,
            0
        ]
    ],
    "character_cluster_labels": [
        0,
        0,
        0,
        0
    ],
    "is_essential_text": [
        true,
        true,
        true,
        true,
        true,
        false
    ],
    "ocr": [
        "One week later",
        "Um...",
        "Hm... What?",
        "Something just grew...?",
        "Even if surprises may come, be glad and accept it.",
        "RuriDRAGON"
    ],
    "character_names": [
        "ruri",
        "ruri",
        "ruri",
        "ruri"
    ]
}