{
    "panels": [
        [
            527.84033203125,
            1.104040265083313,
            863.0142211914062,
            386.8925476074219
        ],
        [
            190.54678344726562,
            1.6062793731689453,
            526.0008544921875,
            388.1317443847656
        ],
        [
            45.473358154296875,
            69.502197265625,
            183.6740264892578,
            390.8530578613281
        ],
        [
            37.44050598144531,
            411.4131164550781,
            867.0794677734375,
            845.4830932617188
        ],
        [
            339.7694396972656,
            871.7861938476562,
            858.2578125,
            1258.4957275390625
        ],
        [
            42.749794006347656,
            873.4793701171875,
            333.4631042480469,
            1257.118896484375
        ]
    ],
    "texts": [
        [
            566.3946533203125,
            212.2880401611328,
            679.6810302734375,
            330.6150817871094
        ],
        [
            469.9866638183594,
            147.4208984375,
            521.199951171875,
            187.624267578125
        ],
        [
            371.2723388671875,
            227.34645080566406,
            488.3354797363281,
            327.1482849121094
        ],
        [
            71.61502838134766,
            299.6891784667969,
            166.86485290527344,
            378.66925048828125
        ],
        [
            694.5267944335938,
            482.2734069824219,
            779.3649291992188,
            558.82958984375
        ],
        [
            219.999755859375,
            485.04833984375,
            318.7578125,
            566.8950805664062
        ],
        [
            401.0321960449219,
            891.2460327148438,
            491.036865234375,
            969.5956420898438
        ],
        [
            213.4796600341797,
            1134.8651123046875,
            315.486572265625,
            1198.1680908203125
        ]
    ],
    "characters": [
        [
            533.4303588867188,
            994.2953491210938,
            574.8924560546875,
            1166.910888671875
        ],
        [
            399.7625732421875,
            1011.8426513671875,
            490.73504638671875,
            1222.2996826171875
        ],
        [
            290.3600769042969,
            49.13846969604492,
            437.8995666503906,
            385.0649719238281
        ],
        [
            640.232177734375,
            965.0628662109375,
            747.7080078125,
            1083.203369140625
        ],
        [
            76.3011474609375,
            650.2803955078125,
            119.71565246582031,
            786.9974975585938
        ],
        [
            65.85208129882812,
            165.49771118164062,
            141.06097412109375,
            302.2371826171875
        ],
        [
            564.02685546875,
            600.9494018554688,
            735.7637329101562,
            834.43212890625
        ],
        [
            380.6803894042969,
            649.5177001953125,
            432.24951171875,
            804.263916015625
        ],
        [
            712.122802734375,
            107.75225067138672,
            788.5101318359375,
            296.56915283203125
        ],
        [
            45.17369079589844,
            880.244140625,
            323.35565185546875,
            1256.562255859375
        ],
        [
            162.33209228515625,
            639.8862915039062,
            242.40638732910156,
            828.7446899414062
        ],
        [
            581.20654296875,
            995.048095703125,
            619.264404296875,
            1158.7733154296875
        ],
        [
            46.84829330444336,
            680.1676025390625,
            68.6753158569336,
            751.8451538085938
        ],
        [
            268.9565734863281,
            639.4762573242188,
            326.7967834472656,
            800.9655151367188
        ],
        [
            341.14691162109375,
            992.1377563476562,
            398.005126953125,
            1243.845947265625
        ],
        [
            434.914306640625,
            641.1633911132812,
            477.1296081542969,
            783.4038696289062
        ]
    ],
    "tails": [
        [
            183.289794921875,
            1099.958740234375,
            210.1981658935547,
            1132.13818359375
        ],
        [
            677.5499267578125,
            577.6284790039062,
            706.9042358398438,
            607.6893310546875
        ]
    ],
    "text_character_associations": [
        [
            0,
            8
        ],
        [
            1,
            2
        ],
        [
            2,
            2
        ],
        [
            3,
            5
        ],
        [
            4,
            6
        ],
        [
            5,
            6
        ],
        [
            7,
            9
        ]
    ],
    "text_tail_associations": [
        [
            4,
            1
        ],
        [
            7,
            0
        ]
    ],
    "character_cluster_labels": [
        0,
        1,
        2,
        2,
        3,
        2,
        2,
        4,
        2,
        2,
        5,
        6,
        7,
        8,
        9,
        10
    ],
    "is_essential_text": [
        true,
        true,
        true,
        true,
        true,
        true,
        true,
        true
    ],
    "ocr": [
        "But I can't skip classes, nor can I go out like this...",
        "Oh, well",
        "It's just the horns, I should probably be fine.",
        "Oh yeah, have to lock the doors...",
        "Ah... wait!",
        "We will be leaving soon!",
        "Doors are close- ing.",
        "Phew... that was close..."
    ],
    "character_names": [
        "Other",
        "Other",
        "ruri",
        "ruri",
        "Other",
        "ruri",
        "ruri",
        "ruri",
        "ruri",
        "ruri",
        "Other",
        "Other",
        "Other",
        "Other",
        "Other",
        "Other"
    ]
}