{
    "panels": [
        [
            38.923004150390625,
            6.285407543182373,
            866.7720336914062,
            238.65774536132812
        ],
        [
            37.30447006225586,
            267.47119140625,
            867.0845947265625,
            856.6038818359375
        ],
        [
            494.0657958984375,
            893.0204467773438,
            863.4518432617188,
            1259.8729248046875
        ],
        [
            39.680908203125,
            891.3461303710938,
            483.3181457519531,
            1256.8680419921875
        ]
    ],
    "texts": [
        [
            779.88037109375,
            83.10382843017578,
            863.2958374023438,
            124.68599700927734
        ],
        [
            655.241943359375,
            95.98686981201172,
            754.2437133789062,
            171.53854370117188
        ],
        [
            613.284423828125,
            670.3801879882812,
            713.8804321289062,
            727.5524291992188
        ],
        [
            526.3958740234375,
            940.0391845703125,
            620.1980590820312,
            1005.7998657226562
        ],
        [
            713.1633911132812,
            1114.158203125,
            788.4747314453125,
            1178.7969970703125
        ],
        [
            506.3566589355469,
            1112.962890625,
            573.7108154296875,
            1188.75830078125
        ],
        [
            375.0072021484375,
            928.9190673828125,
            465.36920166015625,
            1005.2991943359375
        ],
        [
            132.4943389892578,
            1078.9068603515625,
            204.7986297607422,
            1119.7484130859375
        ],
        [
            67.9537353515625,
            957.1058349609375,
            131.05331420898438,
            1017.2244873046875
        ]
    ],
    "characters": [
        [
            662.144287109375,
            949.6219482421875,
            861.4044799804688,
            1257.2138671875
        ],
        [
            193.09542846679688,
            314.48931884765625,
            648.84033203125,
            853.7938232421875
        ],
        [
            578.270263671875,
            1077.508544921875,
            650.638671875,
            1227.79638671875
        ],
        [
            192.94512939453125,
            967.4576416015625,
            299.22088623046875,
            1245.7374267578125
        ],
        [
            264.646484375,
            994.9728393554688,
            478.0467529296875,
            1256.978271484375
        ],
        [
            241.4185028076172,
            4.625782489776611,
            642.2457885742188,
            235.6793670654297
        ],
        [
            736.2327270507812,
            1029.51708984375,
            860.904052734375,
            1257.8311767578125
        ]
    ],
    "tails": [
        [
            141.07730102539062,
            949.8696899414062,
            169.33956909179688,
            974.7846069335938
        ],
        [
            572.6716918945312,
            1164.501708984375,
            601.247314453125,
            1193.1234130859375
        ],
        [
            345.3631896972656,
            979.7984008789062,
            375.6072082519531,
            1003.8896484375
        ],
        [
            204.99830627441406,
            1113.6407470703125,
            235.42340087890625,
            1138.993408203125
        ],
        [
            672.7684326171875,
            1107.8973388671875,
            700.8125610351562,
            1140.297119140625
        ]
    ],
    "text_character_associations": [
        [
            0,
            5
        ],
        [
            1,
            5
        ],
        [
            2,
            1
        ],
        [
            3,
            2
        ],
        [
            4,
            0
        ],
        [
            5,
            2
        ],
        [
            6,
            3
        ],
        [
            7,
            4
        ],
        [
            8,
            3
        ]
    ],
    "text_tail_associations": [
        [
            4,
            4
        ],
        [
            5,
            1
        ],
        [
            6,
            2
        ],
        [
            7,
            3
        ],
        [
            8,
            0
        ]
    ],
    "character_cluster_labels": [
        0,
        1,
        0,
        0,
        0,
        2,
        3
    ],
    "is_essential_text": [
        true,
        true,
        true,
        true,
        true,
        true,
        true,
        true,
        true
    ],
    "ocr": [
        "Eh...?",
        "All of a sudden",
        "I grew horns",
        "Am I really human?",
        "Mom, about this...",
        "Oh, Mor- Ning Honey.",
        "This thing on my head ...",
        "It's horns.",
        "You know this?"
    ],
    "character_names": [
        "ruri",
        "ruri",
        "ruri",
        "ruri",
        "ruri",
        "Other",
        "Other"
    ]
}