{
    "panels": [
        [
            635.751708984375,
            66.74520111083984,
            869.3164672851562,
            430.7038269042969
        ],
        [
            41.68244171142578,
            1.841761827468872,
            625.6566772460938,
            424.57672119140625
        ],
        [
            594.697998046875,
            446.5948791503906,
            864.1622924804688,
            837.6607666015625
        ],
        [
            36.804561614990234,
            440.2422790527344,
            588.0799560546875,
            837.388916015625
        ],
        [
            332.62353515625,
            864.1404418945312,
            860.7662353515625,
            1257.8184814453125
        ],
        [
            38.47090530395508,
            864.6134643554688,
            332.5968933105469,
            1260.335205078125
        ]
    ],
    "texts": [
        [
            627.8322143554688,
            500.9038391113281,
            676.371337890625,
            545.414306640625
        ],
        [
            451.20556640625,
            518.4312133789062,
            556.5112915039062,
            580.7383422851562
        ],
        [
            63.34806823730469,
            691.9808349609375,
            195.34701538085938,
            756.6432495117188
        ],
        [
            346.9219970703125,
            966.5910034179688,
            443.1845703125,
            1012.9645385742188
        ],
        [
            230.54786682128906,
            923.9689331054688,
            298.75927734375,
            969.3243408203125
        ],
        [
            53.933685302734375,
            908.5692749023438,
            140.7211151123047,
            952.8397216796875
        ]
    ],
    "characters": [
        [
            40.34597396850586,
            1012.6485595703125,
            193.45262145996094,
            1258.8663330078125
        ],
        [
            341.6310729980469,
            870.9370727539062,
            841.435791015625,
            1255.917236328125
        ],
        [
            170.5691680908203,
            1044.8466796875,
            322.7488098144531,
            1257.603759765625
        ],
        [
            155.58502197265625,
            18.196243286132812,
            548.9567260742188,
            421.7359313964844
        ],
        [
            733.0490112304688,
            274.2131042480469,
            778.1201171875,
            320.1585998535156
        ],
        [
            601.7435913085938,
            506.88043212890625,
            863.766357421875,
            829.9817504882812
        ],
        [
            829.9594116210938,
            246.46910095214844,
            860.365966796875,
            307.0712585449219
        ],
        [
            831.8131713867188,
            204.3647918701172,
            864.0702514648438,
            244.0352325439453
        ],
        [
            175.49411010742188,
            432.80694580078125,
            584.2865600585938,
            829.4833984375
        ],
        [
            752.1216430664062,
            210.29725646972656,
            789.8278198242188,
            250.04791259765625
        ],
        [
            749.461181640625,
            215.4919891357422,
            788.9354248046875,
            272.0090637207031
        ],
        [
            472.4270324707031,
            82.71471405029297,
            620.7395629882812,
            283.1129150390625
        ],
        [
            832.6082763671875,
            248.4069061279297,
            862.5235595703125,
            312.2774353027344
        ],
        [
            73.5823974609375,
            98.02617645263672,
            171.74661254882812,
            249.16201782226562
        ],
        [
            828.4171142578125,
            299.358154296875,
            863.8369750976562,
            417.2261047363281
        ],
        [
            708.9215087890625,
            359.6946105957031,
            772.2691040039062,
            417.52569580078125
        ],
        [
            738.8079833984375,
            251.3670654296875,
            774.924072265625,
            297.1405029296875
        ],
        [
            724.1050415039062,
            294.5144348144531,
            785.7267456054688,
            382.65594482421875
        ]
    ],
    "tails": [
        [
            204.33255004882812,
            724.4354248046875,
            238.19374084472656,
            751.8214721679688
        ],
        [
            454.51007080078125,
            617.2073364257812,
            482.2142639160156,
            642.70361328125
        ],
        [
            86.92198181152344,
            982.1109619140625,
            107.85808563232422,
            1010.3729248046875
        ],
        [
            244.33802795410156,
            1002.4109497070312,
            267.0784606933594,
            1034.2589111328125
        ],
        [
            598.4110717773438,
            568.5363159179688,
            632.3082885742188,
            599.5696411132812
        ]
    ],
    "text_character_associations": [
        [
            0,
            8
        ],
        [
            1,
            8
        ],
        [
            2,
            8
        ],
        [
            3,
            1
        ],
        [
            4,
            2
        ],
        [
            5,
            0
        ]
    ],
    "text_tail_associations": [
        [
            0,
            4
        ],
        [
            1,
            1
        ],
        [
            2,
            0
        ],
        [
            4,
            3
        ],
        [
            5,
            2
        ]
    ],
    "character_cluster_labels": [
        0,
        1,
        1,
        1,
        2,
        1,
        3,
        4,
        0,
        5,
        6,
        7,
        8,
        9,
        10,
        11,
        12,
        13
    ],
    "is_essential_text": [
        true,
        true,
        true,
        true,
        true,
        true
    ],
    "ocr": [
        "Hey, hey.",
        "How do they feel like?",
        "Can I touch them for a bit?",
        "Huh,!?",
        "Eh... now?",
        "Pretty please!"
    ],
    "character_names": [
        "ukka",
        "mom",
        "mom",
        "mom",
        "Other",
        "mom",
        "mom",
        "Other",
        "ukka",
        "Other",
        "teacher",
        "Other",
        "Other",
        "ukka",
        "Other",
        "Other",
        "ruri",
        "teacher"
    ]
}