{
    "panels": [
        [
            2.0181870460510254,
            0.15040342509746552,
            820.1549682617188,
            553.9991455078125
        ],
        [
            1.1120033264160156,
            585.4738159179688,
            819.9777221679688,
            875.43603515625
        ],
        [
            362.3022766113281,
            905.23779296875,
            824.3819580078125,
            1256.1641845703125
        ],
        [
            4.987168312072754,
            905.6392822265625,
            369.9351806640625,
            1254.6954345703125
        ]
    ],
    "texts": [
        [
            617.9036865234375,
            87.14014434814453,
            789.2264404296875,
            192.5841064453125
        ],
        [
            72.16244506835938,
            73.4271240234375,
            239.60243225097656,
            213.2408447265625
        ],
        [
            651.9530639648438,
            658.7200317382812,
            779.5997924804688,
            737.6206665039062
        ],
        [
            131.39920043945312,
            631.1618041992188,
            293.4697265625,
            756.2102661132812
        ],
        [
            67.63883209228516,
            760.8079223632812,
            119.86670684814453,
            787.5875244140625
        ],
        [
            370.14697265625,
            950.6282348632812,
            518.2686157226562,
            1012.377197265625
        ],
        [
            272.32012939453125,
            1063.516845703125,
            393.3797302246094,
            1145.968994140625
        ],
        [
            39.3482551574707,
            1058.203369140625,
            83.45043182373047,
            1180.0323486328125
        ]
    ],
    "characters": [
        [
            417.3592224121094,
            663.89599609375,
            622.533935546875,
            870.255126953125
        ],
        [
            526.1222534179688,
            908.2968139648438,
            818.7723388671875,
            1258.43798828125
        ],
        [
            319.5303649902344,
            636.083251953125,
            444.9124755859375,
            869.47705078125
        ],
        [
            57.58012390136719,
            0.08419740200042725,
            819.2211303710938,
            548.6582641601562
        ],
        [
            50.4617919921875,
            906.7752685546875,
            363.1374816894531,
            1258.7017822265625
        ]
    ],
    "tails": [
        [
            607.4798583984375,
            728.1278686523438,
            642.9170532226562,
            758.1474609375
        ],
        [
            312.2048645019531,
            701.5270385742188,
            343.6057434082031,
            728.9603881835938
        ]
    ],
    "text_character_associations": [
        [
            0,
            3
        ],
        [
            1,
            3
        ],
        [
            2,
            0
        ],
        [
            3,
            2
        ],
        [
            4,
            0
        ],
        [
            5,
            1
        ],
        [
            6,
            4
        ],
        [
            7,
            4
        ]
    ],
    "text_tail_associations": [
        [
            2,
            0
        ],
        [
            3,
            1
        ]
    ],
    "character_cluster_labels": [
        0,
        0,
        0,
        0,
        0
    ],
    "is_essential_text": [
        true,
        true,
        true,
        true,
        true,
        true,
        true,
        false
    ],
    "ocr": [
        "You have the blood of a dragon",
        "Since you're a child of a human and a dragon.",
        "You're kidding me, aren't you?",
        "If I was kidding, then how come you have those horns on your head?",
        "eh...",
        "I'm going out for work now.",
        "How about you? Are you going to school?",
        ".?!"
    ],
    "character_names": [
        "ruri",
        "ruri",
        "ruri",
        "ruri",
        "ruri"
    ]
}