{
    "panels": [
        [
            39.373905181884766,
            0.5382780432701111,
            862.8252563476562,
            261.73785400390625
        ],
        [
            28.3959903717041,
            268.7901916503906,
            860.59375,
            904.7276611328125
        ],
        [
            291.23980712890625,
            930.3514404296875,
            863.602783203125,
            1247.451416015625
        ],
        [
            42.252967834472656,
            936.4609375,
            291.48846435546875,
            1249.2845458984375
        ]
    ],
    "texts": [
        [
            649.0762939453125,
            129.798828125,
            796.357666015625,
            271.293212890625
        ],
        [
            711.1831665039062,
            990.8125,
            842.8824462890625,
            1166.665771484375
        ],
        [
            294.3412780761719,
            967.0260620117188,
            363.67431640625,
            1017.1356811523438
        ]
    ],
    "characters": [
        [
            44.528724670410156,
            0.4100777506828308,
            855.5697021484375,
            263.3734130859375
        ],
        [
            376.1873779296875,
            0.5415236353874207,
            858.7509765625,
            249.80941772460938
        ],
        [
            43.56476593017578,
            945.4837646484375,
            168.1845245361328,
            1240.4290771484375
        ],
        [
            22.298494338989258,
            323.62689208984375,
            309.9582824707031,
            899.4730224609375
        ],
        [
            105.29002380371094,
            964.0249633789062,
            289.51318359375,
            1244.5037841796875
        ],
        [
            40.29835891723633,
            326.8389587402344,
            209.69692993164062,
            720.5316772460938
        ],
        [
            299.8620910644531,
            1030.2239990234375,
            443.0311279296875,
            1251.344970703125
        ],
        [
            534.4275512695312,
            479.31964111328125,
            630.440673828125,
            693.8167724609375
        ],
        [
            436.76751708984375,
            951.1215209960938,
            744.904296875,
            1241.810546875
        ],
        [
            718.2222900390625,
            499.0124206542969,
            859.9374389648438,
            833.190673828125
        ],
        [
            295.9804382324219,
            474.7637939453125,
            573.2914428710938,
            894.3721313476562
        ]
    ],
    "tails": [],
    "text_character_associations": [
        [
            0,
            1
        ],
        [
            1,
            8
        ],
        [
            2,
            8
        ]
    ],
    "text_tail_associations": [],
    "character_cluster_labels": [
        0,
        0,
        1,
        2,
        3,
        4,
        5,
        6,
        7,
        8,
        0
    ],
    "is_essential_text": [
        true,
        true,
        true
    ],
    "ocr": [
        "AmhoY",
        "So hot!?",
        "!!?"
    ],
    "character_names": [
        "ruri",
        "ruri",
        "Other",
        "teacher",
        "ukka",
        "teacher",
        "ukka",
        "Other",
        "ruri",
        "mom",
        "ruri"
    ]
}