{
    "panels": [
        [
            692.7412109375,
            1.1100624799728394,
            824.7908935546875,
            363.0221252441406
        ],
        [
            19.23258399963379,
            2.3338890075683594,
            684.0899658203125,
            355.8917236328125
        ],
        [
            235.90249633789062,
            378.6108703613281,
            820.5698852539062,
            768.5859985351562
        ],
        [
            -0.6114007234573364,
            384.0738830566406,
            235.82252502441406,
            760.0999145507812
        ],
        [
            0.4246833920478821,
            792.3308715820312,
            823.7705078125,
            1256.658203125
        ]
    ],
    "texts": [
        [
            648.9915771484375,
            76.743896484375,
            706.2131958007812,
            121.46883392333984
        ],
        [
            553.9628295898438,
            208.02133178710938,
            667.18408203125,
            270.1986083984375
        ],
        [
            63.384796142578125,
            164.72357177734375,
            202.817138671875,
            274.55609130859375
        ],
        [
            664.9009399414062,
            440.4562683105469,
            808.3319091796875,
            528.6240234375
        ],
        [
            555.0242309570312,
            394.16943359375,
            615.8214111328125,
            423.0517578125
        ],
        [
            344.80426025390625,
            468.757080078125,
            393.4978942871094,
            498.7816162109375
        ],
        [
            286.72882080078125,
            598.0797119140625,
            376.8077087402344,
            686.6734008789062
        ],
        [
            96.82530212402344,
            620.572021484375,
            221.413330078125,
            708.1243286132812
        ],
        [
            704.443359375,
            858.4501342773438,
            791.5059814453125,
            928.9454345703125
        ],
        [
            582.3690795898438,
            895.2779541015625,
            691.8696899414062,
            985.2234497070312
        ],
        [
            96.64373779296875,
            880.9132080078125,
            213.50892639160156,
            1038.8900146484375
        ]
    ],
    "characters": [
        [
            188.56092834472656,
            0.13993503153324127,
            613.3160400390625,
            354.5124206542969
        ],
        [
            738.42041015625,
            984.3253173828125,
            821.5509033203125,
            1087.1151123046875
        ],
        [
            480.59423828125,
            1016.2744750976562,
            564.8014526367188,
            1224.7734375
        ],
        [
            1.306725025177002,
            408.3798522949219,
            231.68780517578125,
            745.1001586914062
        ],
        [
            413.7355651855469,
            492.306640625,
            817.4552612304688,
            760.79248046875
        ],
        [
            263.4685974121094,
            992.0119018554688,
            356.7118225097656,
            1081.0423583984375
        ],
        [
            481.49505615234375,
            1112.6285400390625,
            546.3016357421875,
            1229.3619384765625
        ],
        [
            108.69257354736328,
            1030.7227783203125,
            291.1529846191406,
            1232.1123046875
        ],
        [
            199.6285858154297,
            1120.8846435546875,
            471.4362487792969,
            1256.3115234375
        ],
        [
            641.7252197265625,
            1106.0648193359375,
            820.0269775390625,
            1255.229248046875
        ]
    ],
    "tails": [],
    "text_character_associations": [
        [
            0,
            0
        ],
        [
            1,
            0
        ],
        [
            2,
            0
        ],
        [
            3,
            0
        ],
        [
            4,
            4
        ],
        [
            5,
            4
        ],
        [
            6,
            4
        ],
        [
            7,
            3
        ],
        [
            8,
            0
        ],
        [
            9,
            0
        ],
        [
            10,
            0
        ]
    ],
    "text_tail_associations": [],
    "character_cluster_labels": [
        0,
        1,
        2,
        0,
        3,
        4,
        5,
        6,
        7,
        8
    ],
    "is_essential_text": [
        true,
        true,
        true,
        true,
        false,
        false,
        true,
        true,
        true,
        true,
        true
    ],
    "ocr": [
        "Hmmm ...",
        "What's a Dragon Actually?",
        "Come to think of it, isn't it a mythical creature?",
        "My identity is that ambiguous?",
        "\u201cI\u2019d 4G",
        "7:41",
        "Am I really one of these?",
        "What are these horns even?",
        "What's going on...",
        "I should just ask mom later.",
        "I can't do anything about these newly- grown horns anyways."
    ],
    "character_names": [
        "ruri",
        "Other",
        "Other",
        "ruri",
        "Other",
        "ruri",
        "Other",
        "Other",
        "teacher",
        "teacher"
    ]
}