{
    "panels": [
        [
            316.14263916015625,
            1.583128809928894,
            865.0496826171875,
            448.7872009277344
        ],
        [
            44.9888801574707,
            0.7751676440238953,
            316.2137145996094,
            445.4405822753906
        ],
        [
            395.7323913574219,
            465.5491638183594,
            866.96240234375,
            1255.452392578125
        ],
        [
            38.400386810302734,
            477.272705078125,
            396.1031494140625,
            732.5906372070312
        ],
        [
            38.55052185058594,
            743.9095458984375,
            402.1433410644531,
            1257.0701904296875
        ]
    ],
    "texts": [
        [
            333.6649475097656,
            317.3262023925781,
            443.3830261230469,
            351.84930419921875
        ],
        [
            191.7007598876953,
            50.01302719116211,
            295.61053466796875,
            135.3656463623047
        ],
        [
            195.25807189941406,
            351.5201416015625,
            291.61553955078125,
            374.47869873046875
        ],
        [
            54.98746871948242,
            332.1658020019531,
            169.61927795410156,
            390.14105224609375
        ],
        [
            637.0992431640625,
            535.6072998046875,
            792.6195678710938,
            671.3460083007812
        ],
        [
            437.5867004394531,
            603.98046875,
            578.52685546875,
            684.6962280273438
        ],
        [
            31.104461669921875,
            444.79547119140625,
            468.73651123046875,
            476.9312744140625
        ],
        [
            222.6481475830078,
            791.4783325195312,
            346.8310852050781,
            880.2731323242188
        ],
        [
            70.89754486083984,
            1121.1282958984375,
            184.34315490722656,
            1170.580810546875
        ]
    ],
    "characters": [
        [
            77.73345947265625,
            -0.21799303591251373,
            167.7451171875,
            142.68466186523438
        ],
        [
            462.5767822265625,
            761.9735717773438,
            794.8403930664062,
            1220.475830078125
        ],
        [
            218.9219970703125,
            1009.3911743164062,
            381.7962951660156,
            1259.1583251953125
        ],
        [
            326.0428466796875,
            0.4150961935520172,
            862.1298217773438,
            439.9807434082031
        ],
        [
            45.702083587646484,
            478.2679138183594,
            395.4546203613281,
            725.37060546875
        ],
        [
            41.930931091308594,
            936.953857421875,
            138.50270080566406,
            1257.6798095703125
        ],
        [
            777.772216796875,
            695.783447265625,
            866.3363037109375,
            1063.6697998046875
        ],
        [
            51.76395797729492,
            170.45428466796875,
            165.37081909179688,
            310.08831787109375
        ]
    ],
    "tails": [
        [
            681.37109375,
            696.1504516601562,
            716.39208984375,
            736.6143798828125
        ],
        [
            241.6188201904297,
            912.1229248046875,
            272.5759582519531,
            950.7568969726562
        ],
        [
            181.71328735351562,
            144.8866424560547,
            216.22862243652344,
            177.97967529296875
        ],
        [
            86.1830062866211,
            264.85968017578125,
            111.75486755371094,
            298.2337341308594
        ],
        [
            238.23049926757812,
            247.07330322265625,
            270.89410400390625,
            301.57958984375
        ]
    ],
    "text_character_associations": [
        [
            0,
            3
        ],
        [
            1,
            0
        ],
        [
            3,
            7
        ],
        [
            4,
            1
        ],
        [
            5,
            1
        ],
        [
            6,
            4
        ],
        [
            7,
            2
        ],
        [
            8,
            5
        ]
    ],
    "text_tail_associations": [
        [
            1,
            2
        ],
        [
            2,
            4
        ],
        [
            3,
            3
        ],
        [
            4,
            0
        ],
        [
            7,
            1
        ]
    ],
    "character_cluster_labels": [
        0,
        1,
        1,
        1,
        1,
        2,
        1,
        1
    ],
    "is_essential_text": [
        true,
        true,
        true,
        true,
        true,
        true,
        false,
        true,
        true
    ],
    "ocr": [
        "WHAT:...",
        "What is this \"Dragon\" about?",
        "DORAGON.",
        "I didn't ask for its nickname.",
        "But what is this all about? Having these horns means I'm a dragon now?",
        "Yep, you look exactly like your dad.",
        "TUN: Coragon (5-3) is another way to say dragon! That being said this is just my guess.",
        "Hold on... my dad is an actual dragon...?",
        "Didn't I tell you?"
    ],
    "character_names": [
        "Other",
        "ruri",
        "ruri",
        "ruri",
        "ruri",
        "Other",
        "ruri",
        "ruri"
    ]
}