{
    "panels": [
        [
            380.9466247558594,
            0.219798743724823,
            837.5562744140625,
            412.5066223144531
        ],
        [
            36.029502868652344,
            -0.738396942615509,
            379.6636047363281,
            411.7518005371094
        ],
        [
            39.969810485839844,
            433.2290954589844,
            866.6927490234375,
            867.1229248046875
        ],
        [
            507.55010986328125,
            893.7947998046875,
            862.4320068359375,
            1260.313720703125
        ],
        [
            58.06662368774414,
            884.576904296875,
            497.0896301269531,
            1257.6641845703125
        ]
    ],
    "texts": [
        [
            628.739501953125,
            277.2568359375,
            753.5638427734375,
            343.7601623535156
        ],
        [
            505.37359619140625,
            222.26071166992188,
            564.8904418945312,
            247.9976806640625
        ],
        [
            398.71856689453125,
            273.1519470214844,
            524.645751953125,
            320.19873046875
        ],
        [
            270.0129699707031,
            278.8305358886719,
            374.07855224609375,
            370.9659118652344
        ],
        [
            95.51658630371094,
            269.1294860839844,
            221.6212158203125,
            362.60504150390625
        ],
        [
            657.1781616210938,
            549.6173706054688,
            761.3897094726562,
            644.1267700195312
        ],
        [
            126.21781921386719,
            443.88226318359375,
            254.92510986328125,
            524.2728271484375
        ],
        [
            387.4278564453125,
            939.9076538085938,
            486.1174621582031,
            1076.7701416015625
        ],
        [
            209.30810546875,
            918.2485961914062,
            289.2999572753906,
            955.0589599609375
        ],
        [
            93.56945037841797,
            932.209228515625,
            187.97637939453125,
            1001.9881591796875
        ]
    ],
    "characters": [
        [
            514.6966552734375,
            897.960205078125,
            856.3392944335938,
            1260.2940673828125
        ],
        [
            392.72705078125,
            24.243091583251953,
            618.2657470703125,
            410.8332824707031
        ],
        [
            147.55442810058594,
            115.3528060913086,
            209.48220825195312,
            232.65025329589844
        ],
        [
            640.5391845703125,
            51.01090621948242,
            773.628662109375,
            230.23785400390625
        ],
        [
            204.35696411132812,
            1035.3001708984375,
            312.43585205078125,
            1180.6884765625
        ],
        [
            228.2860870361328,
            59.53825759887695,
            376.7349853515625,
            404.4144592285156
        ],
        [
            471.2536926269531,
            547.2540283203125,
            537.3956298828125,
            755.5777587890625
        ]
    ],
    "tails": [
        [
            694.045654296875,
            189.3011474609375,
            722.59912109375,
            228.39549255371094
        ],
        [
            125.25553894042969,
            197.0567626953125,
            152.80584716796875,
            234.286376953125
        ],
        [
            144.79647827148438,
            1022.1946411132812,
            185.38697814941406,
            1063.9923095703125
        ],
        [
            535.9175415039062,
            174.69586181640625,
            561.392333984375,
            211.58328247070312
        ],
        [
            332.84149169921875,
            217.56344604492188,
            361.69866943359375,
            258.5732116699219
        ]
    ],
    "text_character_associations": [
        [
            0,
            3
        ],
        [
            1,
            1
        ],
        [
            2,
            1
        ],
        [
            3,
            5
        ],
        [
            4,
            2
        ],
        [
            5,
            6
        ],
        [
            6,
            6
        ],
        [
            7,
            4
        ],
        [
            8,
            4
        ],
        [
            9,
            4
        ]
    ],
    "text_tail_associations": [
        [
            0,
            0
        ],
        [
            1,
            3
        ],
        [
            2,
            3
        ],
        [
            3,
            4
        ],
        [
            4,
            1
        ],
        [
            8,
            2
        ],
        [
            9,
            2
        ]
    ],
    "character_cluster_labels": [
        0,
        1,
        1,
        0,
        0,
        0,
        0
    ],
    "is_essential_text": [
        true,
        true,
        true,
        true,
        true,
        true,
        true,
        true,
        true,
        true
    ],
    "ocr": [
        "Well.... I can't just not go.",
        "Huh...",
        "Then I'm going now.",
        "Ah! Mom, wait a minute!",
        "Calm down, it's not like it's going to kill you or anything.",
        "What the hell is going on?",
        "Be sure to lock the door when you're out.",
        "ring Ring Ring Ring Ring Ring Ring Ring Ring Ring Ring Ring Ring Ring Ring Ring Ring Ring Ring Ring Ring Ring Ring Ring Ring Ring Ring Ring Ring Ring Ring Ring Ring Ring Ring Ring Ring Ring Ring Ring Ring Ring Ring Ring Ring Ring Ring Ring Ring Ring Ring Ring Ring Ring Ring Ring Ring Ring Ring Ring Ring Ring Ring",
        "Crap!",
        "I'm late?!"
    ],
    "character_names": [
        "ruri",
        "mom",
        "mom",
        "ruri",
        "ruri",
        "ruri",
        "ruri"
    ]
}