{
    "panels": [
        [
            -1.6290528774261475,
            2.951341152191162,
            805.511962890625,
            154.07009887695312
        ],
        [
            -0.48951759934425354,
            172.5504913330078,
            824.1199340820312,
            808.985595703125
        ],
        [
            562.6166381835938,
            806.412109375,
            821.9537963867188,
            1260.5433349609375
        ],
        [
            0.22061675786972046,
            807.519775390625,
            560.22607421875,
            1260.1142578125
        ]
    ],
    "texts": [
        [
            647.2928466796875,
            859.0756225585938,
            766.6346435546875,
            927.6223754882812
        ],
        [
            415.74163818359375,
            920.4452514648438,
            541.6226196289062,
            1031.5526123046875
        ]
    ],
    "characters": [
        [
            639.3772583007812,
            988.1785888671875,
            752.9534912109375,
            1250.794921875
        ],
        [
            1.023993730545044,
            823.5645141601562,
            515.9063110351562,
            1258.640380859375
        ],
        [
            108.65831756591797,
            94.3440170288086,
            666.220947265625,
            862.8828125
        ]
    ],
    "tails": [
        [
            685.6487426757812,
            955.2138671875,
            714.84912109375,
            989.1988525390625
        ]
    ],
    "text_character_associations": [
        [
            0,
            0
        ],
        [
            1,
            1
        ]
    ],
    "text_tail_associations": [
        [
            0,
            0
        ]
    ],
    "character_cluster_labels": [
        0,
        0,
        0
    ],
    "is_essential_text": [
        true,
        true
    ],
    "ocr": [
        "Phew! I should be on time...",
        "These are definitely going to draw attention"
    ],
    "character_names": [
        "ruri",
        "ruri",
        "ruri"
    ]
}