{
    "panels": [
        [
            3.051229238510132,
            5.217931270599365,
            816.21630859375,
            294.547119140625
        ],
        [
            229.2993927001953,
            325.78155517578125,
            823.5173950195312,
            841.1332397460938
        ],
        [
            0.1224631816148758,
            316.04156494140625,
            228.21841430664062,
            848.7797241210938
        ],
        [
            339.3658447265625,
            871.3956298828125,
            810.2398681640625,
            1260.6170654296875
        ],
        [
            228.14649963378906,
            891.7719116210938,
            321.8324279785156,
            1259.5050048828125
        ],
        [
            2.76358699798584,
            904.1846923828125,
            223.382568359375,
            1248.97265625
        ]
    ],
    "texts": [
        [
            643.2989501953125,
            117.16593170166016,
            793.9683837890625,
            193.78170776367188
        ],
        [
            672.09033203125,
            389.7755126953125,
            792.5536499023438,
            528.5784301757812
        ],
        [
            560.9588623046875,
            578.0618896484375,
            702.1647338867188,
            692.4713134765625
        ],
        [
            256.3677673339844,
            385.91473388671875,
            358.5980224609375,
            501.85845947265625
        ],
        [
            152.58062744140625,
            377.6810607910156,
            219.98655700683594,
            426.6192626953125
        ],
        [
            58.11499786376953,
            384.0225830078125,
            148.5420684814453,
            449.01593017578125
        ],
        [
            47.79315948486328,
            685.5152587890625,
            86.06900787353516,
            723.713134765625
        ],
        [
            30.34970474243164,
            771.9061889648438,
            129.020751953125,
            836.2449951171875
        ],
        [
            405.6898193359375,
            897.4927978515625,
            476.9778747558594,
            958.7730712890625
        ],
        [
            73.94268035888672,
            1072.5875244140625,
            148.19155883789062,
            1117.7265625
        ]
    ],
    "characters": [
        [
            350.4568176269531,
            874.6044921875,
            772.5464477539062,
            1258.707275390625
        ],
        [
            237.0052947998047,
            711.0071411132812,
            308.85638427734375,
            822.8145141601562
        ],
        [
            10.580710411071777,
            553.6876220703125,
            135.35543823242188,
            790.613525390625
        ],
        [
            106.56897735595703,
            496.794921875,
            220.2731170654297,
            834.7191772460938
        ],
        [
            315.7919006347656,
            646.3096313476562,
            371.0690002441406,
            779.6554565429688
        ],
        [
            44.324119567871094,
            0.8088710308074951,
            577.4600830078125,
            297.6561279296875
        ]
    ],
    "tails": [
        [
            432.23638916015625,
            986.0330810546875,
            462.6719970703125,
            1018.3216552734375
        ],
        [
            110.45735931396484,
            488.97607421875,
            141.29327392578125,
            522.1033325195312
        ],
        [
            40.951881408691406,
            644.8090209960938,
            66.846435546875,
            679.887939453125
        ]
    ],
    "text_character_associations": [
        [
            0,
            5
        ],
        [
            2,
            0
        ],
        [
            3,
            4
        ],
        [
            4,
            3
        ],
        [
            5,
            3
        ],
        [
            6,
            2
        ],
        [
            7,
            2
        ],
        [
            8,
            0
        ],
        [
            9,
            0
        ]
    ],
    "text_tail_associations": [
        [
            4,
            1
        ],
        [
            5,
            1
        ],
        [
            6,
            2
        ],
        [
            7,
            2
        ],
        [
            8,
            0
        ]
    ],
    "character_cluster_labels": [
        0,
        1,
        2,
        3,
        4,
        3
    ],
    "is_essential_text": [
        true,
        true,
        true,
        true,
        true,
        true,
        true,
        true,
        true,
        true
    ],
    "ocr": [
        "Uhhh... What just happened?!",
        "I also breathed out fire while sneezing ...",
        "How did it- this won't cause any harm, will it?",
        "What's this, a circus Perfor- Mance?",
        "Ah... hot...",
        "So hot!",
        "!!",
        "Hey, are you ok?",
        "Ah!",
        "Hello, Mom?"
    ],
    "character_names": [
        "ruri",
        "Other",
        "Other",
        "ruri",
        "Other",
        "ruri"
    ]
}