{
    "panels": [
        [
            -1.3450713157653809,
            -2.1484408378601074,
            825.7698974609375,
            413.2740783691406
        ],
        [
            287.0345458984375,
            447.263916015625,
            825.532470703125,
            875.52001953125
        ],
        [
            1.386047124862671,
            437.93438720703125,
            285.07861328125,
            870.71142578125
        ],
        [
            -0.2293558418750763,
            893.65576171875,
            813.9617919921875,
            1255.34619140625
        ]
    ],
    "texts": [
        [
            579.5862426757812,
            52.60951232910156,
            637.0072631835938,
            79.32764434814453
        ],
        [
            447.1385498046875,
            71.71717834472656,
            564.3336181640625,
            136.9751434326172
        ],
        [
            397.4492492675781,
            335.6451721191406,
            488.99151611328125,
            378.7571716308594
        ],
        [
            165.90426635742188,
            498.65216064453125,
            246.34083557128906,
            543.1251831054688
        ],
        [
            697.33740234375,
            955.825927734375,
            804.7066650390625,
            1062.6937255859375
        ],
        [
            615.8861083984375,
            1096.649658203125,
            682.2109375,
            1124.92041015625
        ],
        [
            458.4556579589844,
            948.2997436523438,
            539.3544311523438,
            1009.5208740234375
        ],
        [
            306.58770751953125,
            936.3456420898438,
            378.72216796875,
            1000.0003662109375
        ],
        [
            189.5950469970703,
            972.0745849609375,
            262.0531921386719,
            1036.595947265625
        ],
        [
            61.81892776489258,
            907.23974609375,
            172.7565155029297,
            990.9848022460938
        ]
    ],
    "characters": [
        [
            442.2620544433594,
            603.7652587890625,
            542.8817749023438,
            855.3222045898438
        ],
        [
            149.3418426513672,
            137.5088653564453,
            466.76019287109375,
            405.6336975097656
        ],
        [
            292.955322265625,
            523.1953735351562,
            501.4277038574219,
            862.0443115234375
        ],
        [
            0.5757161378860474,
            941.7333984375,
            174.9136962890625,
            1258.6251220703125
        ],
        [
            1.6281507015228271,
            448.287841796875,
            280.17852783203125,
            865.299560546875
        ],
        [
            507.69757080078125,
            524.177734375,
            819.2548217773438,
            865.4476928710938
        ],
        [
            328.1197509765625,
            15.585712432861328,
            439.07916259765625,
            208.35667419433594
        ],
        [
            209.11097717285156,
            1058.1055908203125,
            429.2249450683594,
            1256.7628173828125
        ],
        [
            409.69818115234375,
            1057.2996826171875,
            644.8854370117188,
            1257.3040771484375
        ],
        [
            488.02459716796875,
            162.19615173339844,
            732.3617553710938,
            409.9651794433594
        ],
        [
            694.4087524414062,
            219.71499633789062,
            817.6477661132812,
            406.40472412109375
        ],
        [
            -0.42706793546676636,
            207.8661651611328,
            137.1923370361328,
            404.3607482910156
        ]
    ],
    "tails": [
        [
            502.6513977050781,
            310.1335144042969,
            535.2957763671875,
            339.9133605957031
        ],
        [
            490.3186950683594,
            1018.5753173828125,
            514.4701538085938,
            1049.8653564453125
        ],
        [
            318.4643249511719,
            1011.5606689453125,
            349.7374572753906,
            1042.2767333984375
        ],
        [
            407.58111572265625,
            122.9752426147461,
            444.7008056640625,
            158.10183715820312
        ]
    ],
    "text_character_associations": [
        [
            0,
            9
        ],
        [
            1,
            6
        ],
        [
            2,
            9
        ],
        [
            3,
            4
        ],
        [
            4,
            8
        ],
        [
            5,
            8
        ],
        [
            6,
            8
        ],
        [
            7,
            7
        ],
        [
            8,
            7
        ],
        [
            9,
            3
        ]
    ],
    "text_tail_associations": [
        [
            0,
            3
        ],
        [
            1,
            3
        ],
        [
            2,
            0
        ],
        [
            6,
            1
        ],
        [
            7,
            2
        ]
    ],
    "character_cluster_labels": [
        0,
        1,
        2,
        3,
        1,
        1,
        3,
        2,
        1,
        2,
        4,
        5
    ],
    "is_essential_text": [
        true,
        true,
        true,
        true,
        true,
        true,
        true,
        true,
        true,
        true
    ],
    "ocr": [
        "Here",
        "Stop when he turns back, OK?",
        "Woah... Thanks!",
        "Woah, what...",
        "It's not like they can't be touched ...",
        "But...",
        "H... how is it?",
        "Uhm... quite hard.",
        "It feels weird.",
        "Hey, what are you guys doing?"
    ],
    "character_names": [
        "mom",
        "ruri",
        "ukka",
        "teacher",
        "ruri",
        "ruri",
        "teacher",
        "ukka",
        "ruri",
        "ukka",
        "teacher",
        "mom"
    ]
}