{
    "panels": [
        [
            366.437744140625,
            -3.229818344116211,
            823.4823608398438,
            516.7108764648438
        ],
        [
            4.902677536010742,
            -1.5974242687225342,
            371.0113830566406,
            522.2692260742188
        ],
        [
            -0.5704379081726074,
            544.5777587890625,
            820.7763061523438,
            901.4822998046875
        ],
        [
            1.68656587600708,
            923.1602783203125,
            823.3136596679688,
            1255.08935546875
        ]
    ],
    "texts": [
        [
            682.9359130859375,
            109.03571319580078,
            804.7892456054688,
            158.03855895996094
        ],
        [
            387.82427978515625,
            345.06512451171875,
            515.21923828125,
            436.6281433105469
        ],
        [
            242.04444885253906,
            337.23394775390625,
            324.3520812988281,
            431.0936279296875
        ],
        [
            70.6737289428711,
            377.8959045410156,
            211.9393310546875,
            458.1336975097656
        ],
        [
            634.83544921875,
            960.3240966796875,
            787.4639892578125,
            1085.0357666015625
        ],
        [
            140.11424255371094,
            955.9381103515625,
            253.38558959960938,
            1078.3458251953125
        ],
        [
            46.53171920776367,
            1085.2425537109375,
            152.23391723632812,
            1145.3897705078125
        ]
    ],
    "characters": [
        [
            429.38934326171875,
            116.95160675048828,
            557.7478637695312,
            296.16705322265625
        ],
        [
            405.72308349609375,
            1057.2911376953125,
            493.7736511230469,
            1257.27587890625
        ],
        [
            292.86090087890625,
            1009.4609375,
            399.1126403808594,
            1256.5562744140625
        ],
        [
            3.3005638122558594,
            -2.2114200592041016,
            364.9981994628906,
            510.5873718261719
        ],
        [
            509.47833251953125,
            152.9427947998047,
            783.7340698242188,
            509.11407470703125
        ],
        [
            3.4368059635162354,
            548.2196044921875,
            631.8773803710938,
            894.8109741210938
        ],
        [
            420.0713806152344,
            119.29511260986328,
            564.7467651367188,
            503.21807861328125
        ],
        [
            474.9746398925781,
            152.96261596679688,
            784.5205078125,
            511.9316101074219
        ]
    ],
    "tails": [
        [
            714.11572265625,
            205.14756774902344,
            746.1484985351562,
            242.22035217285156
        ],
        [
            404.69464111328125,
            251.90322875976562,
            434.5871276855469,
            299.1297912597656
        ],
        [
            125.74002838134766,
            295.9700622558594,
            151.3231964111328,
            329.80389404296875
        ],
        [
            154.32046508789062,
            1105.700927734375,
            208.4838104248047,
            1144.0281982421875
        ],
        [
            583.3853759765625,
            1076.167724609375,
            622.4640502929688,
            1104.60107421875
        ],
        [
            264.97808837890625,
            985.4016723632812,
            291.8243408203125,
            1012.6175537109375
        ]
    ],
    "text_character_associations": [
        [
            0,
            4
        ],
        [
            1,
            0
        ],
        [
            2,
            3
        ],
        [
            3,
            3
        ],
        [
            4,
            1
        ],
        [
            5,
            2
        ],
        [
            6,
            2
        ]
    ],
    "text_tail_associations": [
        [
            0,
            0
        ],
        [
            1,
            1
        ],
        [
            3,
            2
        ],
        [
            4,
            4
        ],
        [
            5,
            5
        ],
        [
            6,
            3
        ]
    ],
    "character_cluster_labels": [
        0,
        0,
        1,
        0,
        0,
        0,
        0,
        0
    ],
    "is_essential_text": [
        true,
        true,
        true,
        true,
        true,
        true,
        true
    ],
    "ocr": [
        "But why did they...",
        "Ah, that's because you're not a human.",
        "Since your Dad",
        "Is a Dragon",
        "According to your Dad, your body will start to change when you're 15.",
        "I didn't expect the horns to grow overnight though.",
        "Anyways, eat your breakfast."
    ],
    "character_names": [
        "mom",
        "mom",
        "ruri",
        "mom",
        "mom",
        "mom",
        "mom",
        "mom"
    ]
}