{
    "panels": [
        [
            4.086050033569336,
            1.0892757177352905,
            823.0829467773438,
            387.8538818359375
        ],
        [
            44.266090393066406,
            424.1294860839844,
            819.0763549804688,
            781.2186279296875
        ],
        [
            526.6953735351562,
            808.8622436523438,
            826.8697509765625,
            1266.0128173828125
        ],
        [
            245.5882110595703,
            806.9805908203125,
            522.97607421875,
            1258.740478515625
        ],
        [
            2.562987804412842,
            813.3690185546875,
            265.08380126953125,
            1255.7386474609375
        ]
    ],
    "texts": [
        [
            663.6530151367188,
            171.6193389892578,
            786.922119140625,
            237.2222442626953
        ],
        [
            203.17958068847656,
            111.0954360961914,
            289.2922058105469,
            137.2078857421875
        ],
        [
            59.50616455078125,
            124.5953140258789,
            178.21826171875,
            168.95724487304688
        ],
        [
            672.9802856445312,
            515.9321899414062,
            798.6021118164062,
            582.6593017578125
        ],
        [
            166.59495544433594,
            479.50225830078125,
            272.8892517089844,
            563.7338256835938
        ],
        [
            59.75703048706055,
            601.31787109375,
            198.06752014160156,
            705.7115478515625
        ],
        [
            726.8734130859375,
            859.5452270507812,
            808.134033203125,
            886.9895629882812
        ],
        [
            589.7608032226562,
            838.322265625,
            703.8173828125,
            922.4615478515625
        ],
        [
            548.9528198242188,
            1101.3072509765625,
            650.9845581054688,
            1165.5718994140625
        ],
        [
            442.1886901855469,
            844.2709350585938,
            513.6792602539062,
            927.1871948242188
        ],
        [
            294.3432312011719,
            1035.6175537109375,
            332.07489013671875,
            1082.78369140625
        ],
        [
            186.74749755859375,
            1081.5960693359375,
            302.5628967285156,
            1218.962890625
        ],
        [
            99.84236907958984,
            1097.08642578125,
            140.14027404785156,
            1122.939697265625
        ],
        [
            61.237247467041016,
            1131.1441650390625,
            101.23402404785156,
            1179.417236328125
        ]
    ],
    "characters": [
        [
            435.475830078125,
            564.102783203125,
            514.093994140625,
            767.4323120117188
        ],
        [
            566.6923217773438,
            426.67510986328125,
            790.408935546875,
            771.7918090820312
        ],
        [
            272.0538330078125,
            154.65626525878906,
            426.2674865722656,
            352.2837219238281
        ],
        [
            530.7819213867188,
            898.612548828125,
            592.84912109375,
            1256.8525390625
        ],
        [
            436.9086608886719,
            492.6094055175781,
            502.65679931640625,
            592.6189575195312
        ],
        [
            339.3113098144531,
            596.1900024414062,
            412.0870361328125,
            722.51806640625
        ],
        [
            266.3356628417969,
            839.1170654296875,
            523.644775390625,
            1254.7659912109375
        ],
        [
            56.916358947753906,
            426.63470458984375,
            150.35215759277344,
            775.3304443359375
        ],
        [
            531.350341796875,
            621.3311157226562,
            589.0370483398438,
            685.4119262695312
        ],
        [
            379.9033508300781,
            626.2999267578125,
            491.7362976074219,
            771.495849609375
        ],
        [
            499.0368957519531,
            454.0166320800781,
            601.273681640625,
            622.6275634765625
        ],
        [
            678.1681518554688,
            1002.5003662109375,
            718.13720703125,
            1141.514892578125
        ],
        [
            64.98965454101562,
            428.81842041015625,
            136.2452392578125,
            564.8395385742188
        ],
        [
            622.89404296875,
            1000.0064086914062,
            665.3755493164062,
            1098.8673095703125
        ],
        [
            325.50115966796875,
            535.2254638671875,
            377.06402587890625,
            591.40576171875
        ],
        [
            497.5699157714844,
            455.4603271484375,
            610.5654907226562,
            638.27734375
        ],
        [
            200.11404418945312,
            552.5769653320312,
            394.732666015625,
            772.5172119140625
        ],
        [
            352.40045166015625,
            105.24624633789062,
            620.4080810546875,
            385.6960754394531
        ],
        [
            365.5263671875,
            528.2277221679688,
            440.8096618652344,
            638.7222900390625
        ],
        [
            434.1538391113281,
            564.020751953125,
            513.9436645507812,
            687.2723388671875
        ],
        [
            -1.2782392501831055,
            820.1929321289062,
            261.28076171875,
            1259.14892578125
        ],
        [
            748.0541381835938,
            965.4263916015625,
            820.163818359375,
            1254.1109619140625
        ],
        [
            426.1455993652344,
            563.3450317382812,
            515.4749145507812,
            771.1209106445312
        ],
        [
            529.156494140625,
            1170.75341796875,
            597.9437255859375,
            1258.4222412109375
        ]
    ],
    "tails": [
        [
            635.656005859375,
            949.9320678710938,
            660.8274536132812,
            983.1583251953125
        ],
        [
            634.916259765625,
            252.34796142578125,
            666.6304321289062,
            278.528564453125
        ],
        [
            257.464599609375,
            176.37734985351562,
            286.3294677734375,
            206.47018432617188
        ],
        [
            656.0411987304688,
            1114.12939453125,
            688.2412109375,
            1146.9658203125
        ],
        [
            417.3990783691406,
            908.1854248046875,
            445.5878601074219,
            938.2466430664062
        ],
        [
            109.58966064453125,
            1033.84765625,
            136.35987854003906,
            1067.592041015625
        ]
    ],
    "text_character_associations": [
        [
            0,
            17
        ],
        [
            1,
            2
        ],
        [
            2,
            17
        ],
        [
            6,
            11
        ],
        [
            7,
            11
        ],
        [
            9,
            6
        ],
        [
            10,
            6
        ],
        [
            11,
            6
        ],
        [
            12,
            20
        ],
        [
            13,
            20
        ]
    ],