{
    "panels": [
        [
            933.5245971679688,
            -3.8673698902130127,
            1299.9251708984375,
            839.048095703125
        ],
        [
            278.89251708984375,
            3.8033456802368164,
            703.4697265625,
            713.0581665039062
        ],
        [
            0.42101889848709106,
            1.2256622314453125,
            342.7843017578125,
            609.3591918945312
        ],
        [
            2.3551106452941895,
            679.8759765625,
            1299.5692138671875,
            2097.5810546875
        ]
    ],
    "texts": [
        [
            822.1626586914062,
            102.77405548095703,
            993.43212890625,
            249.22824096679688
        ],
        [
            967.1174926757812,
            653.4459838867188,
            1028.429443359375,
            729.704833984375
        ],
        [
            615.123291015625,
            153.73355102539062,
            776.2210083007812,
            305.71832275390625
        ],
        [
            278.8096618652344,
            517.7001953125,
            439.94879150390625,
            600.0003662109375
        ],
        [
            120.50125885009766,
            487.8407897949219,
            244.14376831054688,
            569.1520385742188
        ],
        [
            23.467649459838867,
            1764.712646484375,
            300.22003173828125,
            2018.1358642578125
        ]
    ],
    "characters": [
        [
            67.82869720458984,
            679.3887329101562,
            1157.641357421875,
            1618.8138427734375
        ],
        [
            287.6803283691406,
            -0.6414011120796204,
            837.2867431640625,
            714.9313354492188
        ],
        [
            954.7850341796875,
            190.48501586914062,
            1292.25732421875,
            826.9102783203125
        ],
        [
            1028.7225341796875,
            1374.048095703125,
            1239.113037109375,
            1651.384521484375
        ],
        [
            -0.9657472372055054,
            3.497962713241577,
            336.2195739746094,
            598.8452758789062
        ],
        [
            286.0908203125,
            -2.365708351135254,
            681.6788330078125,
            708.8636474609375
        ],
        [
            668.9292602539062,
            349.9302062988281,
            918.0597534179688,
            741.397216796875
        ],
        [
            814.2650756835938,
            353.5501403808594,
            972.5704345703125,
            652.4221801757812
        ]
    ],
    "tails": [
        [
            125.47465515136719,
            378.9905090332031,
            176.9645233154297,
            453.2130432128906
        ]
    ],
    "text_character_associations": [
        [
            0,
            7
        ],
        [
            1,
            2
        ],
        [
            2,
            5
        ],
        [
            3,
            4
        ],
        [
            4,
            4
        ],
        [
            5,
            0
        ]
    ],
    "text_tail_associations": [
        [
            4,
            0
        ]
    ],
    "character_cluster_labels": [
        0,
        1,
        2,
        3,
        4,
        5,
        6,
        7
    ],
    "is_essential_text": [
        true,
        true,
        true,
        true,
        true,
        false
    ],
    "ocr": [
        "You've gotta be kidding!",
        "!?",
        "Gum- gum...",
        "...Pistol! ..Pistol!",
        "WHAT THE--?",
        "!!?"
    ],
    "character_names": [
        "Other",
        "luffy",
        "koby",
        "Other",
        "alvida",
        "luffy",
        "Other",
        "koby"
    ]
}