{
    "panels": [
        [
            361.4481201171875,
            0.2956596612930298,
            560.2689208984375,
            386.44976806640625
        ],
        [
            73.28922271728516,
            -0.18894639611244202,
            360.27520751953125,
            136.0343475341797
        ],
        [
            190.09942626953125,
            138.91256713867188,
            361.2221374511719,
            258.8148193359375
        ],
        [
            202.65643310546875,
            262.5946044921875,
            358.5965576171875,
            382.6866455078125
        ],
        [
            70.31501007080078,
            140.4095916748047,
            202.1567840576172,
            381.72821044921875
        ],
        [
            328.3223571777344,
            391.4380187988281,
            560.9821166992188,
            824.687255859375
        ],
        [
            7.017860412597656,
            591.3770751953125,
            331.2802734375,
            826.4710083007812
        ]
    ],
    "texts": [
        [
            78.33717346191406,
            169.56907653808594,
            109.212646484375,
            221.4267120361328
        ],
        [
            290.4166564941406,
            452.8641052246094,
            367.0003662109375,
            558.0184936523438
        ],
        [
            122.91470336914062,
            467.640380859375,
            192.41293334960938,
            534.3462524414062
        ]
    ],
    "characters": [
        [
            285.6605224609375,
            0.334564208984375,
            309.227783203125,
            26.628711700439453
        ],
        [
            225.03860473632812,
            269.7915954589844,
            352.43511962890625,
            376.39208984375
        ],
        [
            201.24696350097656,
            -0.7839041352272034,
            224.50030517578125,
            20.90690040588379
        ],
        [
            365.52154541015625,
            506.8165588378906,
            487.1886901855469,
            735.8714599609375
        ],
        [
            187.44361877441406,
            400.43145751953125,
            303.7819519042969,
            585.6632690429688
        ],
        [
            73.32637786865234,
            142.73849487304688,
            201.30673217773438,
            375.5954895019531
        ],
        [
            329.43255615234375,
            218.96861267089844,
            358.1087341308594,
            252.11965942382812
        ],
        [
            229.20034790039062,
            177.2415771484375,
            256.772705078125,
            206.37684631347656
        ],
        [
            361.1004943847656,
            2.4732167720794678,
            556.42041015625,
            380.9986877441406
        ],
        [
            73.63323211669922,
            245.031494140625,
            146.9197540283203,
            343.8437805175781
        ],
        [
            141.04345703125,
            -1.6579960584640503,
            213.60189819335938,
            133.4790802001953
        ],
        [
            76.74199676513672,
            16.313297271728516,
            142.73358154296875,
            132.9481201171875
        ],
        [
            483.2248229980469,
            568.5270385742188,
            546.947265625,
            734.7355346679688
        ],
        [
            535.5821533203125,
            561.865478515625,
            562.2970581054688,
            729.9213256835938
        ],
        [
            41.36051940917969,
            593.5595703125,
            334.177734375,
            825.7947387695312
        ],
        [
            72.9922866821289,
            502.1729431152344,
            129.68238830566406,
            579.1417846679688
        ],
        [
            217.8992919921875,
            0.38968613743782043,
            281.2671203613281,
            132.49932861328125
        ],
        [
            326.29168701171875,
            32.13764953613281,
            357.48260498046875,
            131.44256591796875
        ],
        [
            74.95248413085938,
            2.9203908443450928,
            153.98956298828125,
            132.41151428222656
        ],
        [
            338.2829895019531,
            575.6804809570312,
            390.1182556152344,
            732.6077270507812
        ],
        [
            253.61923217773438,
            156.7675018310547,
            337.457275390625,
            251.94981384277344
        ],
        [
            243.43258666992188,
            172.25611877441406,
            273.1645812988281,
            210.88021850585938
        ],
        [
            480.9210205078125,
            568.5349731445312,
            505.05694580078125,
            636.5895385742188
        ],
        [
            210.69998168945312,
            196.3097381591797,
            264.3697814941406,
            252.03724670410156
        ],
        [
            299.5716857910156,
            166.95375061035156,
            356.09002685546875,
            251.01187133789062
        ],
        [
            85.38367462158203,
            -2.693955659866333,
            155.7565155029297,
            32.55405044555664
        ],
        [
            269.7401123046875,
            27.36532211303711,
            332.2242431640625,
            132.1641845703125
        ],
        [
            202.6851043701172,
            1.3639631271362305,
            230.98825073242188,
            129.6653289794922
        ],
        [
            197.43954467773438,
            167.65370178222656,
            227.6616668701172,
            248.44781494140625
        ]
    ],
    "tails": [
        [
            100.53289794921875,
            494.7522277832031,
            123.49517059326172,
            519.274658203125
        ],
        [
            87.2264404296875,
            239.26307678222656,
            107.1536865234375,
            262.6247863769531
        ]
    ],
    "text_character_associations": [
        [
            0,
            5
        ],
        [
            1,
            4
        ],
        [
            2,
            15
        ]
    ],
    "text_tail_associations": [
        [
            0,
            1
        ],
        [
            2,
            0
        ]
    ],
    "character_cluster_labels": [
        0,
        1,
        2,
        3,
        4,
        5,
        6,
        7,
        5,
        8,
        9,
        10,
        11,
        12,
        3,
        13,
        14,
        15,
        16,
        17,
        18,
        19,
        20,
        21,
        22,
        23,
        24,
        25,
        26
    ],
    "is_essential_text": [
        true,
        true,
        true
    ],
    "ocr": [
        "......",
        "If you don't de- Cide the reasons for which you fight on your own...",
        "You won't be able to live with pride."
    ],
    "character_names": [
        "Other",
        "Other",
        "Other",
        "ren",
        "Other",
        "alibaba",
        "Other",
        "Other",
        "alibaba",
        "Other",
        "Other",
        "Other",
        "Other",
        "Other",
        "ren",
        "alibaba",
        "ren",
        "Other",
        "Other",
        "Other",
        "Other",
        "Other",
        "Other",
        "Other",
        "Other",
        "Other",
        "ren",
        "Other",
        "Other"
    ]
}