{
    "panels": [
        [
            -0.40065765380859375,
            0.33738622069358826,
            554.716796875,
            212.53099060058594
        ],
        [
            42.36760711669922,
            216.50926208496094,
            554.5277709960938,
            820.201904296875
        ],
        [
            50.332969665527344,
            573.4089965820312,
            258.8778991699219,
            787.1470947265625
        ]
    ],
    "texts": [
        [
            435.53314208984375,
            97.93708038330078,
            537.5504760742188,
            124.92648315429688
        ],
        [
            478.0901184082031,
            583.4818725585938,
            514.711669921875,
            622.0239868164062
        ],
        [
            429.9947814941406,
            681.6285400390625,
            478.5922546386719,
            751.2135620117188
        ]
    ],
    "characters": [
        [
            17.271400451660156,
            -0.7873084545135498,
            442.23095703125,
            210.4435577392578
        ],
        [
            52.455955505371094,
            616.124755859375,
            214.51771545410156,
            780.6290283203125
        ]
    ],
    "tails": [
        [
            396.1391906738281,
            760.5869140625,
            430.2710876464844,
            786.0078125
        ],
        [
            450.1239318847656,
            576.6215209960938,
            479.1739196777344,
            611.6713256835938
        ]
    ],
    "text_character_associations": [
        [
            0,
            0
        ],
        [
            1,
            0
        ],
        [
            2,
            1
        ]
    ],
    "text_tail_associations": [
        [
            1,
            1
        ],
        [
            2,
            0
        ]
    ],
    "character_cluster_labels": [
        0,
        1
    ],
    "is_essential_text": [
        true,
        true,
        true
    ],
    "ocr": [
        "What?!",
        "He mis- sed!",
        "This idiot, where is he aiming ??!"
    ],
    "character_names": [
        "ren",
        "Other"
    ]
}