{
    "panels": [
        [
            427.0323181152344,
            0.8998568058013916,
            553.6544189453125,
            218.8356170654297
        ],
        [
            307.6289367675781,
            0.11325076222419739,
            426.66119384765625,
            218.74891662597656
        ],
        [
            193.32635498046875,
            -1.3895585536956787,
            306.0290222167969,
            219.4706573486328
        ],
        [
            25.29941177368164,
            0.9996628761291504,
            191.91665649414062,
            223.02944946289062
        ],
        [
            3.4573802947998047,
            236.29989624023438,
            556.4378051757812,
            566.0831298828125
        ],
        [
            0.24274635314941406,
            567.1080322265625,
            556.0745849609375,
            826.9776611328125
        ]
    ],
    "texts": [
        [
            370.11273193359375,
            45.19327926635742,
            419.9151306152344,
            78.31246185302734
        ],
        [
            59.999778747558594,
            115.89676666259766,
            127.52439880371094,
            177.2874755859375
        ],
        [
            407.6523742675781,
            669.7958374023438,
            550.14794921875,
            774.1160888671875
        ]
    ],
    "characters": [
        [
            320.091552734375,
            467.0715637207031,
            364.86798095703125,
            579.388916015625
        ],
        [
            216.223876953125,
            317.512939453125,
            376.9791259765625,
            454.6203918457031
        ],
        [
            196.10743713378906,
            -1.1393346786499023,
            305.38519287109375,
            215.9774169921875
        ],
        [
            429.2066345214844,
            84.81070709228516,
            535.5528564453125,
            213.26170349121094
        ],
        [
            368.6307373046875,
            480.97418212890625,
            426.12298583984375,
            593.448486328125
        ],
        [
            284.85107421875,
            621.7850952148438,
            411.027587890625,
            825.7884521484375
        ],
        [
            370.7814025878906,
            480.97802734375,
            452.8054504394531,
            590.5537719726562
        ],
        [
            256.57110595703125,
            448.216552734375,
            333.917724609375,
            577.3593139648438
        ],
        [
            219.11376953125,
            319.8388366699219,
            381.3732604980469,
            568.1270141601562
        ],
        [
            52.32514953613281,
            362.0296630859375,
            194.87783813476562,
            482.3938903808594
        ],
        [
            -1.6078834533691406,
            574.8740844726562,
            407.4337463378906,
            826.9844360351562
        ],
        [
            192.61996459960938,
            458.6900329589844,
            256.85284423828125,
            581.3120727539062
        ],
        [
            323.4356384277344,
            123.47948455810547,
            423.910888671875,
            217.226318359375
        ],
        [
            68.20376586914062,
            0.7906850576400757,
            193.33311462402344,
            216.72935485839844
        ]
    ],
    "tails": [
        [
            130.7005615234375,
            178.5891571044922,
            150.81976318359375,
            200.34271240234375
        ],
        [
            361.33721923828125,
            104.46473693847656,
            386.0655212402344,
            135.2677764892578
        ]
    ],
    "text_character_associations": [
        [
            0,
            12
        ],
        [
            1,
            13
        ],
        [
            2,
            10
        ]
    ],
    "text_tail_associations": [
        [
            0,
            1
        ],
        [
            1,
            0
        ]
    ],
    "character_cluster_labels": [
        0,
        1,
        1,
        1,
        2,
        3,
        4,
        5,
        1,
        6,
        7,
        8,
        9,
        10
    ],
    "is_essential_text": [
        true,
        true,
        true
    ],
    "ocr": [
        "This guy ...",
        "This guy... impos- sible...!",
        "He's planning on fighting the messengers of the Sacred Pa- LACE instead of us to the very end?!"
    ],
    "character_names": [
        "Other",
        "alibaba",
        "alibaba",
        "alibaba",
        "Other",
        "Other",
        "Other",
        "Other",
        "alibaba",
        "Other",
        "ren",
        "Other",
        "Other",
        "Other"
    ]
}