{
    "panels": [
        [
            272.116455078125,
            -1.5545053482055664,
            560.035888671875,
            552.4529418945312
        ],
        [
            163.1749267578125,
            4.160258769989014,
            275.8558044433594,
            169.9769744873047
        ],
        [
            73.26074981689453,
            0.7516449689865112,
            172.03089904785156,
            173.77210998535156
        ],
        [
            72.26876831054688,
            182.60421752929688,
            279.44354248046875,
            370.4371643066406
        ],
        [
            68.91926574707031,
            371.91748046875,
            277.76092529296875,
            549.4598388671875
        ],
        [
            0.2644615173339844,
            564.12353515625,
            554.0010375976562,
            827.0219116210938
        ]
    ],
    "texts": [
        [
            284.6802062988281,
            79.75494384765625,
            400.1239318847656,
            180.22128295898438
        ],
        [
            240.63963317871094,
            445.2726135253906,
            270.9707946777344,
            490.12890625
        ],
        [
            76.48075103759766,
            427.4363708496094,
            135.14926147460938,
            470.5235290527344
        ],
        [
            415.0700378417969,
            689.9423217773438,
            548.6276245117188,
            738.1190795898438
        ]
    ],
    "characters": [
        [
            178.85629272460938,
            35.68060302734375,
            275.8497314453125,
            167.75604248046875
        ],
        [
            1.1011219024658203,
            563.4401245117188,
            424.90386962890625,
            826.4666748046875
        ],
        [
            93.72808837890625,
            193.80657958984375,
            135.76968383789062,
            245.6210174560547
        ],
        [
            73.76063537597656,
            8.924498558044434,
            122.26232147216797,
            128.95082092285156
        ],
        [
            109.57982635498047,
            2.6084890365600586,
            139.06788635253906,
            43.85302734375
        ],
        [
            355.35662841796875,
            117.35004425048828,
            557.9906005859375,
            540.8114013671875
        ],
        [
            73.0384521484375,
            444.3538818359375,
            209.39932250976562,
            545.1755981445312
        ],
        [
            168.44696044921875,
            -0.5654466152191162,
            278.80712890625,
            166.84811401367188
        ],
        [
            73.95289611816406,
            185.52308654785156,
            276.1872863769531,
            364.5522155761719
        ],
        [
            75.74813842773438,
            268.0865783691406,
            116.0177001953125,
            330.6799011230469
        ],
        [
            363.53497314453125,
            343.1710205078125,
            404.5096740722656,
            394.8487854003906
        ],
        [
            142.5572052001953,
            380.52587890625,
            221.47293090820312,
            471.1593933105469
        ],
        [
            105.95668029785156,
            205.7813262939453,
            178.01986694335938,
            304.0712585449219
        ],
        [
            165.97911071777344,
            -1.9561697244644165,
            246.05111694335938,
            86.03321838378906
        ],
        [
            79.60226440429688,
            48.28003692626953,
            170.08580017089844,
            170.71812438964844
        ]
    ],
    "tails": [
        [
            382.31298828125,
            198.39300537109375,
            432.1175231933594,
            240.1060028076172
        ],
        [
            371.2436828613281,
            769.7975463867188,
            425.6128845214844,
            803.6190795898438
        ]
    ],
    "text_character_associations": [
        [
            0,
            5
        ],
        [
            1,
            6
        ],
        [
            2,
            6
        ],
        [
            3,
            1
        ]
    ],
    "text_tail_associations": [
        [
            0,
            0
        ],
        [
            3,
            1
        ]
    ],
    "character_cluster_labels": [
        0,
        1,
        2,
        3,
        4,
        5,
        6,
        7,
        8,
        9,
        10,
        8,
        11,
        12,
        13
    ],
    "is_essential_text": [
        true,
        true,
        true,
        true
    ],
    "ocr": [
        "I see... so he's lea- ving everything to this final blow? Then go ahead and shoot when you want!!",
        "I've de- Ci-Ded.",
        "Huh? What did you de- Cide?!",
        "This is what you decided...?!!Baba...?!"
    ],
    "character_names": [
        "Other",
        "ren",
        "Other",
        "Other",
        "Other",
        "ren",
        "alibaba",
        "Other",
        "ren",
        "Other",
        "Other",
        "ren",
        "Other",
        "Other",
        "Other"
    ]
}