{
    "panels": [
        [
            18.069900512695312,
            -0.4808782637119293,
            575.2357788085938,
            537.1455688476562
        ],
        [
            296.6344909667969,
            547.6429443359375,
            578.7093505859375,
            825.7058715820312
        ],
        [
            17.772686004638672,
            536.1617431640625,
            303.3536376953125,
            823.7327880859375
        ]
    ],
    "texts": [
        [
            476.56622314453125,
            555.6337890625,
            543.8866577148438,
            676.589111328125
        ],
        [
            63.802242279052734,
            642.07421875,
            250.66807556152344,
            740.3179321289062
        ],
        [
            47.72636032104492,
            794.6967163085938,
            274.08001708984375,
            819.9071044921875
        ]
    ],
    "characters": [
        [
            21.89765739440918,
            12.977551460266113,
            573.4814453125,
            524.6552124023438
        ],
        [
            165.1371307373047,
            402.74322509765625,
            315.3028869628906,
            542.3959350585938
        ]
    ],
    "tails": [],
    "text_character_associations": [],
    "text_tail_associations": [],
    "character_cluster_labels": [
        0,
        1
    ],
    "is_essential_text": [
        false,
        true,
        false
    ],
    "ocr": [
        "\"I'll do",
        "It's futile! Because destiny isn't that simple. Isn't that right, sinbad?",
        "destruction inches closer. Countless difficulties are up ahead."
    ],
    "character_names": [
        "ren",
        "Other"
    ]
}