{
    "panels": [
        [
            0.6897182464599609,
            3.0675675868988037,
            562.2158203125,
            179.86325073242188
        ],
        [
            -0.18841552734375,
            185.8580322265625,
            554.177490234375,
            304.3046875
        ],
        [
            0.07002067565917969,
            293.3468933105469,
            553.5924072265625,
            416.8116455078125
        ],
        [
            -2.2372798919677734,
            414.35296630859375,
            571.384033203125,
            822.054931640625
        ]
    ],
    "texts": [
        [
            444.1319274902344,
            89.91117858886719,
            543.857421875,
            119.61200714111328
        ],
        [
            86.39991760253906,
            81.61705780029297,
            190.63101196289062,
            147.716552734375
        ],
        [
            93.91133880615234,
            271.5227355957031,
            217.09869384765625,
            305.248291015625
        ],
        [
            423.3177795410156,
            576.9105224609375,
            537.0398559570312,
            635.9284057617188
        ]
    ],
    "characters": [
        [
            290.1152038574219,
            14.175634384155273,
            334.8668518066406,
            58.79854965209961
        ],
        [
            245.1465606689453,
            84.33781433105469,
            288.1380920410156,
            136.1909942626953
        ],
        [
            198.0659637451172,
            4.579830169677734,
            227.60899353027344,
            38.700347900390625
        ],
        [
            -4.2462158203125,
            424.9173583984375,
            561.4949340820312,
            823.710205078125
        ],
        [
            196.11436462402344,
            67.3917465209961,
            255.16787719726562,
            171.9993438720703
        ],
        [
            277.591552734375,
            74.80281829833984,
            323.2910461425781,
            167.90164184570312
        ],
        [
            375.4629211425781,
            86.06987762451172,
            438.9892883300781,
            172.17242431640625
        ],
        [
            361.2384338378906,
            1.6878753900527954,
            399.250732421875,
            32.3307991027832
        ],
        [
            367.89501953125,
            12.480201721191406,
            398.6421813964844,
            54.96934509277344
        ],
        [
            0.0252835750579834,
            64.7807388305664,
            44.3208122253418,
            170.80189514160156
        ],
        [
            256.7282409667969,
            311.5213623046875,
            364.46044921875,
            426.4813232421875
        ],
        [
            233.14744567871094,
            43.407901763916016,
            267.839599609375,
            87.3776626586914
        ],
        [
            4.199764251708984,
            4.114682674407959,
            64.42335510253906,
            55.029388427734375
        ],
        [
            344.36138916015625,
            75.145263671875,
            390.53271484375,
            163.6248016357422
        ],
        [
            375.7176208496094,
            17.59737777709961,
            403.958740234375,
            72.75125122070312
        ],
        [
            1.7566022872924805,
            189.35340881347656,
            110.85832214355469,
            293.1158447265625
        ],
        [
            456.36322021484375,
            192.03433227539062,
            557.7222900390625,
            296.6005859375
        ],
        [
            281.45001220703125,
            74.2294692993164,
            320.9576416015625,
            140.1514434814453
        ],
        [
            33.8602180480957,
            88.73857879638672,
            80.82150268554688,
            170.0045166015625
        ],
        [
            210.40017700195312,
            189.85162353515625,
            419.67657470703125,
            294.77838134765625
        ],
        [
            191.4945068359375,
            7.560055255889893,
            217.9674835205078,
            42.611568450927734
        ],
        [
            295.700927734375,
            95.6331558227539,
            355.13360595703125,
            172.51016235351562
        ]
    ],
    "tails": [
        [
            478.72711181640625,
            172.7605438232422,
            509.97430419921875,
            214.69508361816406
        ],
        [
            212.02793884277344,
            248.65977478027344,
            252.30848693847656,
            284.3695373535156
        ]
    ],
    "text_character_associations": [
        [
            0,
            16
        ],
        [
            1,
            19
        ],
        [
            2,
            19
        ],
        [
            3,
            3
        ]
    ],
    "text_tail_associations": [
        [
            0,
            0
        ],
        [
            2,
            1
        ]
    ],
    "character_cluster_labels": [
        0,
        1,
        2,
        3,
        4,
        5,
        6,
        7,
        8,
        9,
        10,
        11,
        12,
        13,
        14,
        15,
        16,
        17,
        18,
        3,
        19,
        20
    ],
    "is_essential_text": [
        true,
        true,
        true,
        true
    ],
    "ocr": [
        "But is that really okay?",
        "to sacrifice everything because des- tiny tells you to?",
        "Is that really okay?",
        "think with your own heads!!"
    ],
    "character_names": [
        "Other",
        "Other",
        "Other",
        "alibaba",
        "Other",
        "Other",
        "Other",
        "Other",
        "Other",
        "Other",
        "Other",
        "ren",
        "Other",
        "Other",
        "Other",
        "Other",
        "Other",
        "Other",
        "Other",
        "alibaba",
        "Other",
        "Other"
    ]
}