{
    "panels": [
        [
            14.462625503540039,
            0.39350634813308716,
            502.5655212402344,
            322.1490783691406
        ],
        [
            266.63421630859375,
            335.36810302734375,
            504.9225158691406,
            474.7606506347656
        ],
        [
            16.606538772583008,
            335.25640869140625,
            263.19000244140625,
            475.4198913574219
        ],
        [
            242.0929718017578,
            484.1883850097656,
            574.1739501953125,
            826.1845092773438
        ],
        [
            15.089035034179688,
            500.6381530761719,
            254.1164093017578,
            826.9383544921875
        ]
    ],
    "texts": [
        [
            368.881103515625,
            106.15170288085938,
            449.0706481933594,
            175.14572143554688
        ],
        [
            147.0086669921875,
            350.3717956542969,
            173.90684509277344,
            399.7950439453125
        ],
        [
            203.10150146484375,
            731.5062866210938,
            237.32830810546875,
            807.6723022460938
        ]
    ],
    "characters": [
        [
            244.93565368652344,
            490.1374816894531,
            392.1663818359375,
            826.445556640625
        ],
        [
            18.767995834350586,
            523.6489868164062,
            249.39503479003906,
            827.4385375976562
        ],
        [
            267.2856750488281,
            340.74169921875,
            498.53912353515625,
            470.33428955078125
        ],
        [
            90.30811309814453,
            138.54209899902344,
            181.22079467773438,
            316.2745056152344
        ],
        [
            80.14506530761719,
            384.7859802246094,
            131.74908447265625,
            444.6700134277344
        ],
        [
            246.85702514648438,
            488.1372985839844,
            494.6588134765625,
            826.0051879882812
        ],
        [
            120.29119873046875,
            17.152685165405273,
            366.5329895019531,
            318.12994384765625
        ],
        [
            159.15792846679688,
            359.294677734375,
            263.3393249511719,
            472.55157470703125
        ]
    ],
    "tails": [
        [
            148.8543701171875,
            736.302734375,
            193.993896484375,
            778.016357421875
        ],
        [
            164.7575225830078,
            399.7546081542969,
            187.1109161376953,
            422.23699951171875
        ]
    ],
    "text_character_associations": [
        [
            0,
            6
        ],
        [
            1,
            7
        ],
        [
            2,
            1
        ]
    ],
    "text_tail_associations": [
        [
            1,
            1
        ],
        [
            2,
            0
        ]
    ],
    "character_cluster_labels": [
        0,
        0,
        0,
        1,
        2,
        0,
        0,
        0
    ],
    "is_essential_text": [
        true,
        true,
        false
    ],
    "ocr": [
        "I have to do this.",
        ".........",
        "........."
    ],
    "character_names": [
        "ren",
        "ren",
        "ren",
        "Other",
        "Other",
        "ren",
        "ren",
        "ren"
    ]
}