{
    "panels": [
        [
            -0.5117724537849426,
            -6.077173233032227,
            1204.8773193359375,
            546.5551147460938
        ],
        [
            600.8280029296875,
            555.4141235351562,
            1205.7308349609375,
            862.9103393554688
        ],
        [
            6.810412406921387,
            551.8506469726562,
            556.4661865234375,
            863.0736083984375
        ]
    ],
    "texts": [
        [
            938.6409301757812,
            402.91168212890625,
            1002.624755859375,
            446.6134033203125
        ],
        [
            495.40380859375,
            429.34747314453125,
            547.29833984375,
            457.22283935546875
        ],
        [
            57.666263580322266,
            405.685302734375,
            108.5679702758789,
            479.0412292480469
        ],
        [
            1078.7125244140625,
            686.4287109375,
            1185.1298828125,
            788.7588500976562
        ]
    ],
    "characters": [
        [
            620.6575317382812,
            567.3802490234375,
            859.5758666992188,
            861.828857421875
        ],
        [
            403.3899841308594,
            610.6000366210938,
            533.697998046875,
            716.6422729492188
        ],
        [
            510.58990478515625,
            338.7848205566406,
            996.4461669921875,
            535.2546997070312
        ],
        [
            848.1480712890625,
            561.9351196289062,
            1058.3336181640625,
            863.7207641601562
        ],
        [
            -0.08220967650413513,
            310.9854736328125,
            73.11536407470703,
            531.0010986328125
        ],
        [
            111.65321350097656,
            358.9287109375,
            224.4083709716797,
            508.2356872558594
        ],
        [
            248.8424835205078,
            223.9779815673828,
            296.4535217285156,
            283.0831298828125
        ],
        [
            660.6435546875,
            332.4269104003906,
            997.4776000976562,
            534.5645751953125
        ],
        [
            293.86053466796875,
            212.52304077148438,
            355.3126525878906,
            280.81732177734375
        ],
        [
            207.7904510498047,
            233.0829315185547,
            278.2030944824219,
            330.54803466796875
        ],
        [
            222.8346710205078,
            389.62969970703125,
            288.7989807128906,
            504.0132751464844
        ],
        [
            292.2668762207031,
            297.9656677246094,
            344.6803894042969,
            353.8103332519531
        ],
        [
            296.7642517089844,
            372.2269287109375,
            372.28948974609375,
            445.64373779296875
        ],
        [
            222.56063842773438,
            431.7291564941406,
            292.1670227050781,
            510.8795471191406
        ],
        [
            275.9793395996094,
            382.4591369628906,
            380.5166320800781,
            503.6390380859375
        ],
        [
            224.88619995117188,
            370.9336853027344,
            281.2206115722656,
            448.51171875
        ],
        [
            -0.273821085691452,
            311.3559875488281,
            36.47871398925781,
            519.8436889648438
        ],
        [
            455.7635498046875,
            717.056396484375,
            557.5416870117188,
            863.00927734375
        ],
        [
            253.4613494873047,
            220.95347595214844,
            296.3668212890625,
            280.2470397949219
        ],
        [
            0.9856534600257874,
            310.6923828125,
            60.25228500366211,
            403.62896728515625
        ],
        [
            341.5401916503906,
            719.9150390625,
            469.9176940917969,
            863.7222900390625
        ],
        [
            380.8872375488281,
            366.7431335449219,
            507.3456115722656,
            507.7279052734375
        ],
        [
            1.759175181388855,
            310.2615966796875,
            68.49447631835938,
            388.3791198730469
        ],
        [
            24.0518856048584,
            556.2348022460938,
            378.2766418457031,
            861.5332641601562
        ],
        [
            0.3024766445159912,
            316.19622802734375,
            27.451475143432617,
            521.409912109375
        ]
    ],
    "tails": [
        [
            899.0281982421875,
            426.431640625,
            943.4853515625,
            461.73223876953125
        ],
        [
            94.28372955322266,
            477.2828063964844,
            132.39700317382812,
            509.78778076171875
        ]
    ],
    "text_character_associations": [
        [
            0,
            7
        ],
        [
            1,
            21
        ],
        [
            2,
            5
        ],
        [
            3,
            3
        ]
    ],
    "text_tail_associations": [
        [
            0,
            0
        ],
        [
            2,
            1
        ]
    ],
    "character_cluster_labels": [
        0,
        1,
        2,
        3,
        4,
        5,
        6,
        7,
        8,
        9,
        10,
        11,
        12,
        13,
        14,
        15,
        16,
        17,
        18,
        19,
        20,
        7,
        21,
        22,
        23
    ],
    "is_essential_text": [
        true,
        true,
        true,
        true
    ],
    "ocr": [
        "what flames ....!!",
        "come                                                              ",
        "Stay back. Your Maje- sty.",
        "Extreme Magic: \"Amol Al Bador Saiga\"!!!"
    ],
    "character_names": [
        "alibaba",
        "ren",
        "Other",
        "Other",
        "Other",
        "Other",
        "Other",
        "Other",
        "Other",
        "Other",
        "Other",
        "Other",
        "Other",
        "Other",
        "Other",
        "Other",
        "Other",
        "Other",
        "Other",
        "Other",
        "Other",
        "Other",
        "Other",
        "Other",
        "Other"
    ]
}