{
    "panels": [
        [
            229.04237365722656,
            3.0082058906555176,
            572.0444946289062,
            200.495361328125
        ],
        [
            1.9629392623901367,
            0.423158198595047,
            238.91342163085938,
            197.5821990966797
        ],
        [
            0.6581497192382812,
            201.60879516601562,
            563.4268798828125,
            495.3185729980469
        ],
        [
            339.6524963378906,
            502.9177551269531,
            452.0726318359375,
            619.700439453125
        ],
        [
            261.42047119140625,
            503.4705810546875,
            343.50433349609375,
            616.230224609375
        ],
        [
            354.09423828125,
            608.3163452148438,
            573.854736328125,
            836.1224975585938
        ],
        [
            267.1863098144531,
            622.69482421875,
            382.52606201171875,
            833.7786865234375
        ],
        [
            -1.0786771774291992,
            505.5607604980469,
            265.4323425292969,
            834.6240844726562
        ]
    ],
    "texts": [
        [
            456.9937744140625,
            82.09889221191406,
            548.41552734375,
            126.34437561035156
        ],
        [
            437.56842041015625,
            584.3574829101562,
            543.6456909179688,
            693.1650390625
        ],
        [
            20.780141830444336,
            754.8076171875,
            126.86802673339844,
            789.8642578125
        ]
    ],
    "characters": [
        [
            268.0097351074219,
            510.196044921875,
            341.53619384765625,
            609.7152709960938
        ],
        [
            361.98822021484375,
            625.1677856445312,
            416.7109069824219,
            721.6599731445312
        ],
        [
            269.7985534667969,
            653.2179565429688,
            346.3360900878906,
            814.1553955078125
        ],
        [
            361.5250244140625,
            710.4467163085938,
            467.37939453125,
            835.5625610351562
        ],
        [
            130.39938354492188,
            397.7037658691406,
            231.371337890625,
            487.4815979003906
        ],
        [
            315.05230712890625,
            625.2774658203125,
            361.24578857421875,
            698.5345458984375
        ],
        [
            343.90631103515625,
            508.81243896484375,
            417.4260559082031,
            610.6603393554688
        ],
        [
            1.3582191467285156,
            225.94613647460938,
            154.1468048095703,
            486.76507568359375
        ],
        [
            410.0638122558594,
            303.5535888671875,
            563.7050170898438,
            476.2716369628906
        ],
        [
            279.87164306640625,
            742.5125122070312,
            358.27130126953125,
            834.0271606445312
        ],
        [
            84.80924224853516,
            239.72579956054688,
            245.06680297851562,
            398.8260192871094
        ],
        [
            237.77215576171875,
            1.9326863288879395,
            445.7821350097656,
            193.55438232421875
        ],
        [
            0.9908294677734375,
            509.6856384277344,
            263.986083984375,
            834.4374389648438
        ],
        [
            4.506093978881836,
            237.7019500732422,
            244.25259399414062,
            485.8338623046875
        ]
    ],
    "tails": [
        [
            145.80203247070312,
            785.1318359375,
            189.7062530517578,
            826.5538940429688
        ],
        [
            406.5550537109375,
            130.1848907470703,
            451.2860107421875,
            168.11041259765625
        ],
        [
            382.1462097167969,
            425.4736328125,
            449.2111511230469,
            512.5164794921875
        ]
    ],
    "text_character_associations": [
        [
            0,
            11
        ],
        [
            1,
            12
        ],
        [
            2,
            12
        ]
    ],
    "text_tail_associations": [
        [
            0,
            1
        ],
        [
            1,
            2
        ],
        [
            2,
            0
        ]
    ],
    "character_cluster_labels": [
        0,
        1,
        2,
        3,
        4,
        5,
        6,
        7,
        8,
        9,
        10,
        11,
        12,
        13
    ],
    "is_essential_text": [
        true,
        true,
        true
    ],
    "ocr": [
        "spirit of courtesy and rigor...",
        "You, who gives power to the King, bring for- Ward the fire from hell that judges this earth!",
        "That's... it can't be...."
    ],
    "character_names": [
        "ren",
        "Other",
        "ren",
        "Other",
        "Other",
        "Other",
        "Other",
        "Other",
        "Other",
        "Other",
        "Other",
        "alibaba",
        "ren",
        "Other"
    ]
}