{
    "panels": [
        [
            292.1380920410156,
            -4.233954429626465,
            560.7191772460938,
            915.8364868164062
        ],
        [
            18.969594955444336,
            -0.6448618769645691,
            295.5477294921875,
            472.3780822753906
        ],
        [
            201.80267333984375,
            479.079833984375,
            294.1028747558594,
            654.9889526367188
        ],
        [
            19.822837829589844,
            472.9059753417969,
            200.6350860595703,
            652.4503784179688
        ],
        [
            18.75585174560547,
            658.2938232421875,
            294.0043640136719,
            916.3731689453125
        ]
    ],
    "texts": [
        [
            338.9288635253906,
            468.02484130859375,
            399.2808837890625,
            500.49267578125
        ],
        [
            157.71279907226562,
            45.880706787109375,
            290.3341369628906,
            162.10440063476562
        ],
        [
            30.829673767089844,
            324.4017028808594,
            72.6527328491211,
            389.950439453125
        ],
        [
            29.217348098754883,
            546.5081787109375,
            92.67819213867188,
            592.36279296875
        ],
        [
            233.0926971435547,
            735.3378295898438,
            291.7469482421875,
            766.4151611328125
        ]
    ],
    "characters": [
        [
            393.4355163574219,
            517.5999145507812,
            543.4718627929688,
            680.1165161132812
        ],
        [
            199.5611572265625,
            233.71437072753906,
            291.8891906738281,
            464.9515686035156
        ],
        [
            64.94146728515625,
            482.28253173828125,
            198.8948516845703,
            650.0272216796875
        ],
        [
            37.00077819824219,
            226.4837646484375,
            291.20098876953125,
            463.7181701660156
        ],
        [
            22.33827781677246,
            667.1340942382812,
            290.791748046875,
            918.477783203125
        ],
        [
            517.32373046875,
            654.2993774414062,
            554.4111328125,
            728.587890625
        ],
        [
            102.37451934814453,
            211.19305419921875,
            290.598876953125,
            466.18505859375
        ],
        [
            205.62673950195312,
            513.3782958984375,
            288.01788330078125,
            647.9442138671875
        ],
        [
            25.695528030395508,
            95.88082122802734,
            125.14737701416016,
            217.09249877929688
        ]
    ],
    "tails": [
        [
            404.4973449707031,
            486.71466064453125,
            463.9290466308594,
            518.7442016601562
        ],
        [
            158.11231994628906,
            201.02151489257812,
            182.74449157714844,
            240.9446563720703
        ],
        [
            53.79472351074219,
            256.3137512207031,
            79.30506896972656,
            297.57391357421875
        ],
        [
            84.14303588867188,
            616.708251953125,
            128.42019653320312,
            650.94384765625
        ]
    ],
    "text_character_associations": [
        [
            1,
            3
        ],
        [
            2,
            3
        ],
        [
            3,
            2
        ],
        [
            4,
            4
        ]
    ],
    "text_tail_associations": [
        [
            0,
            0
        ],
        [
            1,
            1
        ],
        [
            2,
            2
        ],
        [
            3,
            3
        ]
    ],
    "character_cluster_labels": [
        0,
        1,
        2,
        3,
        0,
        4,
        5,
        0,
        0
    ],
    "is_essential_text": [
        true,
        true,
        true,
        true,
        true
    ],
    "ocr": [
        "How stupid!",
        "What's the purpose behi- ND his actions? I don't get it... He truly seems to be going crazy, right?",
        ".........",
        "Is he going crazy?",
        "Really ?!"
    ],
    "character_names": [
        "ren",
        "Other",
        "alibaba",
        "Other",
        "ren",
        "Other",
        "Other",
        "ren",
        "ren"
    ]
}