{
    "panels": [
        [
            310.4337463378906,
            -0.1469055861234665,
            559.6668701171875,
            236.42381286621094
        ],
        [
            24.50707244873047,
            1.845445156097412,
            312.43603515625,
            234.9539031982422
        ],
        [
            453.3678894042969,
            257.256591796875,
            556.3011474609375,
            503.8629150390625
        ],
        [
            340.4682922363281,
            246.14105224609375,
            453.47894287109375,
            505.05645751953125
        ],
        [
            203.0615692138672,
            246.8330841064453,
            339.91839599609375,
            504.9607238769531
        ],
        [
            0.3130331039428711,
            246.8328399658203,
            202.55674743652344,
            506.695556640625
        ],
        [
            319.39715576171875,
            517.2684326171875,
            556.9716186523438,
            648.59375
        ],
        [
            316.89288330078125,
            647.2162475585938,
            554.1640625,
            827.9686889648438
        ],
        [
            -1.826803207397461,
            516.5386962890625,
            316.3702087402344,
            824.5601196289062
        ]
    ],
    "texts": [
        [
            469.3124084472656,
            64.96430206298828,
            551.4113159179688,
            155.22166442871094
        ],
        [
            317.1715393066406,
            97.36434173583984,
            370.55364990234375,
            161.22633361816406
        ],
        [
            246.29319763183594,
            72.04039001464844,
            306.68792724609375,
            109.19219207763672
        ],
        [
            50.99795913696289,
            159.0169677734375,
            129.11776733398438,
            207.85586547851562
        ],
        [
            505.9227294921875,
            289.3876037597656,
            550.4085083007812,
            349.46490478515625
        ],
        [
            456.0648193359375,
            301.775390625,
            490.7034912109375,
            353.5296325683594
        ],
        [
            395.9222412109375,
            315.361328125,
            447.5704040527344,
            363.1627502441406
        ],
        [
            72.51698303222656,
            688.0248413085938,
            139.57614135742188,
            786.907470703125
        ]
    ],
    "characters": [
        [
            468.3253173828125,
            653.8455200195312,
            508.7352294921875,
            718.1707763671875
        ],
        [
            413.9198913574219,
            525.552978515625,
            487.90252685546875,
            638.1280517578125
        ],
        [
            411.3828125,
            691.1456909179688,
            456.27294921875,
            773.7306518554688
        ],
        [
            355.70013427734375,
            64.62291717529297,
            469.1421203613281,
            225.95718383789062
        ],
        [
            514.2100219726562,
            651.9223022460938,
            549.8643188476562,
            701.7332153320312
        ],
        [
            401.5373840332031,
            649.8055419921875,
            443.850830078125,
            700.7388305664062
        ],
        [
            321.1151123046875,
            518.7763061523438,
            370.7784729003906,
            626.5328979492188
        ],
        [
            436.16204833984375,
            697.7874145507812,
            502.4934997558594,
            801.1050415039062
        ],
        [
            453.55517578125,
            363.46148681640625,
            554.8399658203125,
            501.0494689941406
        ],
        [
            3.5222854614257812,
            521.1917114257812,
            316.52276611328125,
            825.3870239257812
        ],
        [
            342.6773376464844,
            290.48187255859375,
            448.3602600097656,
            498.83306884765625
        ],
        [
            1.1329307556152344,
            246.81326293945312,
            200.32220458984375,
            502.6285095214844
        ],
        [
            409.1114501953125,
            708.8909912109375,
            448.27587890625,
            772.6649169921875
        ],
        [
            320.9738464355469,
            655.1019897460938,
            355.7286071777344,
            772.85595703125
        ],
        [
            400.5864562988281,
            651.4199829101562,
            447.1933288574219,
            723.4693603515625
        ],
        [
            416.7611083984375,
            522.9356079101562,
            556.3439331054688,
            642.8704833984375
        ],
        [
            342.13580322265625,
            523.0101318359375,
            421.96014404296875,
            638.5311889648438
        ],
        [
            203.74148559570312,
            253.29502868652344,
            338.8631896972656,
            499.15386962890625
        ],
        [
            344.980712890625,
            655.72900390625,
            400.8766174316406,
            767.3285522460938
        ],
        [
            145.92681884765625,
            82.88227081298828,
            202.5466766357422,
            135.97286987304688
        ]
    ],
    "tails": [
        [
            124.25751495361328,
            175.68153381347656,
            183.56126403808594,
            229.10281372070312
        ],
        [
            426.3665771484375,
            -0.7433329224586487,
            461.8182373046875,
            31.52712059020996
        ],
        [
            68.30000305175781,
            663.9972534179688,
            92.53486633300781,
            705.42919921875
        ],
        [
            517.107421875,
            364.697509765625,
            552.2531127929688,
            405.5107727050781
        ],
        [
            423.3822326660156,
            395.4056701660156,
            462.7620849609375,
            452.47747802734375
        ]
    ],
    "text_character_associations": [
        [
            0,
            3
        ],
        [
            1,
            3
        ],
        [
            2,
            19
        ],
        [
            3,
            19
        ],
        [
            4,
            8
        ],
        [
            5,
            8
        ],
        [
            6,
            10
        ],
        [
            7,
            9
        ]
    ],
    "text_tail_associations": [
        [
            0,
            1
        ],
        [
            3,
            0
        ],
        [
            4,
            3
        ],
        [
            5,
            4
        ],
        [
            6,
            4
        ],
        [
            7,
            2
        ]
    ],
    "character_cluster_labels": [
        0,
        1,
        2,
        1,
        3,
        4,
        5,
        6,
        7,
        1,
        1,
        1,
        8,
        9,
        10,
        1,
        11,
        12,
        13,
        1
    ],
    "is_essential_text": [
        true,
        true,
        true,
        true,
        true,
        true,
        true,
        false
    ],
    "ocr": [
        "Is that really the look of someone who has lost their sanity...?!",
        "I get the feeling it's so- mething Diffe- rent...",
        "Why is he fight- ing?",
        "until he's been Bea- ten up by everyone...",
        "Yet, so Des- pera- Tely...",
        "This bat- TLE is...",
        "What is he FI- gitting for?!",
        "....."
    ],