{
    "panels": [
        [
            18.165327072143555,
            -1.9174007177352905,
            575.0247802734375,
            535.0551147460938
        ],
        [
            288.67218017578125,
            545.6358642578125,
            577.2529907226562,
            826.9617919921875
        ],
        [
            163.4405517578125,
            553.2097778320312,
            286.01422119140625,
            824.134033203125
        ],
        [
            103.95603942871094,
            550.833251953125,
            205.9215850830078,
            824.2879028320312
        ],
        [
            19.095470428466797,
            552.5633544921875,
            107.80963134765625,
            827.0548095703125
        ]
    ],
    "texts": [
        [
            336.18878173828125,
            567.1310424804688,
            398.60809326171875,
            622.8194580078125
        ],
        [
            194.98593139648438,
            611.8576049804688,
            268.00933837890625,
            679.9940795898438
        ],
        [
            61.432044982910156,
            577.2871704101562,
            82.99918365478516,
            644.2200927734375
        ]
    ],
    "characters": [
        [
            414.39959716796875,
            693.06591796875,
            559.7354125976562,
            826.8694458007812
        ],
        [
            21.544923782348633,
            606.0227661132812,
            67.3170166015625,
            726.7481079101562
        ],
        [
            21.718490600585938,
            671.2286376953125,
            104.89990234375,
            826.4984130859375
        ],
        [
            279.7958984375,
            763.1807861328125,
            331.36248779296875,
            826.2581176757812
        ],
        [
            300.11004638671875,
            620.9703979492188,
            355.4864501953125,
            711.5260009765625
        ],
        [
            102.98045349121094,
            551.3603515625,
            229.3367919921875,
            827.4951171875
        ],
        [
            229.84432983398438,
            556.4349975585938,
            304.08612060546875,
            693.5571899414062
        ],
        [
            170.22183227539062,
            686.8025512695312,
            279.232421875,
            825.8402099609375
        ],
        [
            152.2620391845703,
            473.16778564453125,
            198.57083129882812,
            529.5269775390625
        ],
        [
            377.5468444824219,
            569.240234375,
            463.6730651855469,
            680.0552978515625
        ],
        [
            95.49806213378906,
            424.609375,
            144.1881103515625,
            493.2684631347656
        ],
        [
            121.96083068847656,
            457.2887268066406,
            163.4049835205078,
            519.2418823242188
        ],
        [
            166.02877807617188,
            433.92108154296875,
            188.27914428710938,
            462.63427734375
        ],
        [
            335.7183837890625,
            646.6571655273438,
            381.4488525390625,
            715.7044067382812
        ],
        [
            187.22177124023438,
            435.2625732421875,
            237.67332458496094,
            524.18603515625
        ],
        [
            74.60436248779297,
            644.6824340820312,
            108.8726577758789,
            712.4117431640625
        ],
        [
            358.8955078125,
            787.755859375,
            422.7886047363281,
            827.0701904296875
        ]
    ],
    "tails": [],
    "text_character_associations": [
        [
            0,
            9
        ],
        [
            1,
            7
        ],
        [
            2,
            2
        ]
    ],
    "text_tail_associations": [],
    "character_cluster_labels": [
        0,
        1,
        2,
        3,
        4,
        5,
        6,
        7,
        8,
        9,
        10,
        11,
        12,
        13,
        14,
        15,
        16
    ],
    "is_essential_text": [
        true,
        true,
        true
    ],
    "ocr": [
        "!?",
        "!?",
        ".........."
    ],
    "character_names": [
        "Other",
        "Other",
        "ren",
        "Other",
        "Other",
        "Other",
        "Other",
        "Other",
        "Other",
        "Other",
        "Other",
        "Other",
        "Other",
        "Other",
        "ren",
        "Other",
        "Other"
    ]
}