{
    "panels": [
        [
            8.900951385498047,
            -0.8773422241210938,
            576.543701171875,
            825.7612915039062
        ]
    ],
    "texts": [
        [
            456.5190124511719,
            342.4780578613281,
            546.98974609375,
            421.50213623046875
        ],
        [
            416.1916809082031,
            674.5708618164062,
            548.7854614257812,
            728.4052124023438
        ],
        [
            47.06468200683594,
            565.6903686523438,
            196.11257934570312,
            585.3065795898438
        ],
        [
            42.033287048339844,
            469.2328186035156,
            94.73722076416016,
            488.0560607910156
        ]
    ],
    "characters": [
        [
            212.3751678466797,
            618.7843017578125,
            254.79409790039062,
            696.4696655273438
        ],
        [
            134.77621459960938,
            605.7133178710938,
            184.75131225585938,
            671.671142578125
        ]
    ],
    "tails": [],
    "text_character_associations": [],
    "text_tail_associations": [],
    "character_cluster_labels": [
        0,
        1
    ],
    "is_essential_text": [
        true,
        true,
        false,
        false
    ],
    "ocr": [
        "As his feel-ings burn away, he strikes with all his po- ever?!",
        "Extreme Magic!!",
        "Chapter 365: The final blow",
        "11.2GI"
    ],
    "character_names": [
        "alibaba",
        "Other"
    ]
}