{
    "panels": [
        [
            290.69940185546875,
            0.9637282490730286,
            576.225830078125,
            827.3245239257812
        ],
        [
            4.259605407714844,
            0.10807499289512634,
            577.7799072265625,
            826.892822265625
        ]
    ],
    "texts": [
        [
            317.7140808105469,
            611.723388671875,
            389.12347412109375,
            681.8536987304688
        ],
        [
            222.31793212890625,
            272.5166015625,
            300.81561279296875,
            327.1735534667969
        ],
        [
            80.38421630859375,
            256.79791259765625,
            146.15524291992188,
            287.03851318359375
        ],
        [
            225.36111450195312,
            476.19720458984375,
            299.70037841796875,
            543.6063232421875
        ],
        [
            31.25037384033203,
            417.9281921386719,
            132.5411376953125,
            533.9854736328125
        ]
    ],
    "characters": [
        [
            149.7362518310547,
            0.5255870819091797,
            575.609375,
            824.86962890625
        ],
        [
            286.727783203125,
            -3.22112774848938,
            574.1544189453125,
            820.328857421875
        ],
        [
            151.45054626464844,
            337.27435302734375,
            302.9815368652344,
            826.4305419921875
        ],
        [
            31.549854278564453,
            594.8276977539062,
            152.10565185546875,
            745.6661987304688
        ]
    ],
    "tails": [
        [
            47.633094787597656,
            568.166015625,
            75.84298706054688,
            606.1752319335938
        ],
        [
            113.39623260498047,
            346.9397277832031,
            142.59487915039062,
            390.32342529296875
        ],
        [
            364.51995849609375,
            427.96234130859375,
            420.46856689453125,
            524.4530639648438
        ],
        [
            251.07127380371094,
            375.4800720214844,
            294.60675048828125,
            426.42333984375
        ]
    ],
    "text_character_associations": [
        [
            0,
            1
        ],
        [
            1,
            0
        ],
        [
            2,
            0
        ],
        [
            3,
            2
        ],
        [
            4,
            3
        ]
    ],
    "text_tail_associations": [
        [
            0,
            2
        ],
        [
            1,
            3
        ],
        [
            2,
            1
        ],
        [
            3,
            3
        ],
        [
            4,
            0
        ]
    ],
    "character_cluster_labels": [
        0,
        1,
        2,
        3
    ],
    "is_essential_text": [
        true,
        true,
        true,
        true,
        true
    ],
    "ocr": [
        "Let's return to the Ruhk...",
        "Let's re- turn to the Ruhk together...",
        "But all of you...",
        "Let's re- turn to the Ruhk together ...!!",
        "Are people who decided on their own to risk their lives and fi- ght for so- mething im- portant, right?"
    ],
    "character_names": [
        "ren",
        "ren",
        "Other",
        "alibaba"
    ]
}