{
    "panels": [
        [
            378.2474060058594,
            -0.27806252241134644,
            554.2666015625,
            908.621337890625
        ],
        [
            207.874267578125,
            -1.6828844547271729,
            377.0843811035156,
            269.0528869628906
        ],
        [
            17.26129913330078,
            -2.826946258544922,
            204.10098266601562,
            271.0043640136719
        ],
        [
            203.64642333984375,
            279.8236083984375,
            374.9932556152344,
            526.132568359375
        ],
        [
            15.698604583740234,
            280.3381042480469,
            202.87216186523438,
            525.1205444335938
        ],
        [
            233.06712341308594,
            536.9252319335938,
            374.425537109375,
            696.184326171875
        ],
        [
            233.10757446289062,
            686.0164184570312,
            376.0523376464844,
            910.5147094726562
        ],
        [
            134.05747985839844,
            533.9767456054688,
            234.01614379882812,
            908.4349975585938
        ],
        [
            15.29214096069336,
            529.5169067382812,
            134.9629669189453,
            909.7745361328125
        ]
    ],
    "texts": [
        [
            304.0145568847656,
            341.5860595703125,
            368.6424560546875,
            394.1429748535156
        ],
        [
            29.87565803527832,
            341.33367919921875,
            91.14532470703125,
            388.5720520019531
        ],
        [
            308.265380859375,
            600.7135009765625,
            366.5398864746094,
            647.75927734375
        ],
        [
            309.5567932128906,
            753.6837158203125,
            366.8377990722656,
            801.278564453125
        ],
        [
            36.48469924926758,
            758.7645874023438,
            116.02420806884766,
            829.8318481445312
        ]
    ],
    "characters": [
        [
            139.8466339111328,
            541.6749877929688,
            233.03744506835938,
            702.4185791015625
        ],
        [
            381.62158203125,
            0.28004229068756104,
            552.2103881835938,
            599.5821533203125
        ],
        [
            209.05458068847656,
            -0.34382879734039307,
            375.0125427246094,
            242.64761352539062
        ],
        [
            140.9890899658203,
            682.109375,
            232.9151611328125,
            909.71826171875
        ],
        [
            22.814037322998047,
            286.3666076660156,
            200.0797576904297,
            519.0838623046875
        ],
        [
            432.38665771484375,
            587.8097534179688,
            547.0595703125,
            765.4613647460938
        ],
        [
            27.867137908935547,
            0.5960729718208313,
            202.18252563476562,
            266.4764404296875
        ],
        [
            237.1278076171875,
            541.3880004882812,
            371.99749755859375,
            687.4370727539062
        ],
        [
            202.912353515625,
            283.18511962890625,
            372.6460876464844,
            518.8509521484375
        ],
        [
            19.20883560180664,
            581.9898681640625,
            129.94564819335938,
            908.8513793945312
        ]
    ],
    "tails": [],
    "text_character_associations": [
        [
            0,
            8
        ],
        [
            1,
            4
        ],
        [
            2,
            7
        ],
        [
            3,
            7
        ],
        [
            4,
            9
        ]
    ],
    "text_tail_associations": [],
    "character_cluster_labels": [
        0,
        1,
        2,
        3,
        4,
        5,
        6,
        7,
        8,
        9
    ],
    "is_essential_text": [
        true,
        true,
        true,
        true,
        true
    ],
    "ocr": [
        "For the sake of the Reim Empire!",
        "For the sake of the Reim Empire!",
        "For the sake of the Reim Empire!",
        "For the sake of the Reim Empire!",
        "For the protect-ION of the Reim Empire!"
    ],
    "character_names": [
        "Other",
        "ren",
        "Other",
        "Other",
        "Other",
        "Other",
        "Other",
        "Other",
        "Other",
        "ren"
    ]
}