{
    "panels": [
        [
            14.312919616699219,
            -0.9901862740516663,
            539.1558227539062,
            379.8134765625
        ],
        [
            319.47467041015625,
            394.5151062011719,
            518.6597290039062,
            829.2263793945312
        ],
        [
            14.59372329711914,
            397.7325744628906,
            317.1038818359375,
            571.1165161132812
        ],
        [
            16.28481101989746,
            571.9600219726562,
            320.7095947265625,
            826.4771728515625
        ]
    ],
    "texts": [
        [
            21.866830825805664,
            311.5458679199219,
            109.69965362548828,
            352.65423583984375
        ]
    ],
    "characters": [
        [
            322.69036865234375,
            503.6683654785156,
            358.37890625,
            587.9165649414062
        ],
        [
            264.7015075683594,
            111.46002197265625,
            342.6319580078125,
            193.92596435546875
        ],
        [
            343.8767395019531,
            554.03857421875,
            525.5235595703125,
            724.9979858398438
        ],
        [
            362.0838317871094,
            486.96990966796875,
            389.727783203125,
            556.4572143554688
        ],
        [
            40.479915618896484,
            400.2395324707031,
            309.59503173828125,
            564.2594604492188
        ],
        [
            18.5124568939209,
            401.3519592285156,
            144.28465270996094,
            562.118408203125
        ],
        [
            363.6593017578125,
            480.1837158203125,
            424.27203369140625,
            610.0408325195312
        ],
        [
            23.688188552856445,
            577.774658203125,
            314.76275634765625,
            707.5059814453125
        ],
        [
            128.84671020507812,
            656.262939453125,
            231.89022827148438,
            768.5327758789062
        ],
        [
            322.78369140625,
            503.4444274902344,
            360.652587890625,
            607.0100708007812
        ],
        [
            19.97217559814453,
            400.5819396972656,
            305.480712890625,
            564.1152954101562
        ],
        [
            21.044784545898438,
            668.0614624023438,
            41.25397872924805,
            723.3201904296875
        ],
        [
            52.55226516723633,
            652.4571533203125,
            83.26974487304688,
            701.8202514648438
        ],
        [
            82.89152526855469,
            656.7876586914062,
            107.99617767333984,
            689.0318603515625
        ],
        [
            56.61742401123047,
            651.9873046875,
            93.8373031616211,
            700.6541748046875
        ],
        [
            30.467391967773438,
            661.8270263671875,
            54.06409454345703,
            718.4323120117188
        ]
    ],
    "tails": [
        [
            106.75137329101562,
            321.9532470703125,
            143.6649627685547,
            357.64617919921875
        ]
    ],
    "text_character_associations": [
        [
            0,
            4
        ]
    ],
    "text_tail_associations": [
        [
            0,
            0
        ]
    ],
    "character_cluster_labels": [
        0,
        1,
        1,
        2,
        1,
        3,
        4,
        5,
        6,
        7,
        1,
        8,
        9,
        10,
        11,
        12
    ],
    "is_essential_text": [
        true
    ],
    "ocr": [
        "What's the meaning of this?"
    ],
    "character_names": [
        "Other",
        "alibaba",
        "alibaba",
        "Other",
        "alibaba",
        "Other",
        "Other",
        "Other",
        "alibaba",
        "Other",
        "alibaba",
        "Other",
        "Other",
        "Other",
        "Other",
        "Other"
    ]
}