{
    "panels": [
        [
            71.2755355834961,
            2.2221672534942627,
            557.18017578125,
            231.9442596435547
        ],
        [
            407.60540771484375,
            244.02000427246094,
            557.9850463867188,
            415.8843078613281
        ],
        [
            253.34829711914062,
            244.04173278808594,
            403.08013916015625,
            417.3139953613281
        ],
        [
            69.06356048583984,
            244.5399932861328,
            253.32049560546875,
            411.6620788574219
        ],
        [
            403.1829833984375,
            417.93499755859375,
            558.6220092773438,
            589.1261596679688
        ],
        [
            252.78126525878906,
            416.5043029785156,
            403.4207763671875,
            586.958740234375
        ],
        [
            69.27375793457031,
            415.2873229980469,
            254.81100463867188,
            585.3692016601562
        ],
        [
            304.98492431640625,
            591.7728881835938,
            556.4987182617188,
            727.2401123046875
        ],
        [
            -2.323282241821289,
            589.292724609375,
            302.5108642578125,
            826.273681640625
        ]
    ],
    "texts": [
        [
            161.5850067138672,
            36.551273345947266,
            196.30935668945312,
            129.25302124023438
        ],
        [
            418.23223876953125,
            445.2170715332031,
            470.0990295410156,
            492.56195068359375
        ],
        [
            121.95407104492188,
            445.62579345703125,
            172.8551025390625,
            492.9745178222656
        ],
        [
            500.6873474121094,
            633.6422119140625,
            550.9934692382812,
            681.4330444335938
        ],
        [
            317.26153564453125,
            756.5044555664062,
            362.8834228515625,
            801.302734375
        ],
        [
            80.6396484375,
            670.3959350585938,
            144.1407928466797,
            724.758544921875
        ]
    ],
    "characters": [
        [
            257.73773193359375,
            425.98529052734375,
            401.10870361328125,
            581.7650756835938
        ],
        [
            191.3363494873047,
            136.48406982421875,
            239.37911987304688,
            213.70419311523438
        ],
        [
            306.71246337890625,
            594.0634155273438,
            463.4393615722656,
            723.9388427734375
        ],
        [
            407.787109375,
            511.6298828125,
            495.1529846191406,
            581.4285278320312
        ],
        [
            192.7138214111328,
            64.3171615600586,
            326.7886047363281,
            228.14352416992188
        ],
        [
            413.24072265625,
            595.2874145507812,
            502.0504150390625,
            720.0748901367188
        ],
        [
            72.86695861816406,
            422.5430603027344,
            122.36225891113281,
            518.2646484375
        ],
        [
            414.7911071777344,
            430.66986083984375,
            556.8265380859375,
            582.1508178710938
        ],
        [
            442.560546875,
            337.3836669921875,
            510.6815490722656,
            410.77545166015625
        ],
        [
            472.49993896484375,
            723.7243041992188,
            555.6680908203125,
            825.7918090820312
        ],
        [
            256.65032958984375,
            418.7624206542969,
            310.462890625,
            490.2113037109375
        ],
        [
            73.3834228515625,
            420.0924987792969,
            253.13320922851562,
            580.9013671875
        ],
        [
            152.0420379638672,
            159.1152801513672,
            200.46682739257812,
            224.41065979003906
        ],
        [
            73.18411254882812,
            249.14833068847656,
            250.94349670410156,
            405.1217956542969
        ],
        [
            452.15728759765625,
            255.82852172851562,
            545.2611694335938,
            408.2391052246094
        ],
        [
            384.5459899902344,
            594.5336303710938,
            420.6579284667969,
            634.3923950195312
        ],
        [
            472.90533447265625,
            423.9232177734375,
            556.023681640625,
            581.556640625
        ],
        [
            310.9117736816406,
            39.26559066772461,
            375.010498046875,
            129.6882781982422
        ],
        [
            331.1672668457031,
            727.6940307617188,
            552.6373291015625,
            825.408447265625
        ],
        [
            2.2395801544189453,
            591.5108032226562,
            302.2593688964844,
            826.34375
        ],
        [
            282.6326599121094,
            -1.5548627376556396,
            556.6307373046875,
            228.55718994140625
        ],
        [
            72.2947998046875,
            248.47525024414062,
            249.99867248535156,
            405.5221862792969
        ],
        [
            260.1034240722656,
            250.67459106445312,
            403.2987365722656,
            412.9458923339844
        ],
        [
            290.1826171875,
            423.0008544921875,
            330.812255859375,
            476.9634094238281
        ],
        [
            340.72100830078125,
            750.4803466796875,
            417.4669189453125,
            827.7637329101562
        ],
        [
            490.34649658203125,
            250.04672241210938,
            554.1959228515625,
            406.6398010253906
        ]
    ],
    "tails": [
        [
            213.22238159179688,
            59.038631439208984,
            249.0530548095703,
            87.74536895751953
        ]
    ],
    "text_character_associations": [
        [
            0,
            4
        ],
        [
            1,
            7
        ],
        [
            2,
            11
        ],
        [
            3,
            9
        ],
        [
            4,
            24
        ],
        [
            5,
            19
        ]
    ],
    "text_tail_associations": [
        [
            0,
            0
        ]
    ],
    "character_cluster_labels": [
        0,
        1,
        2,
        3,
        4,
        5,
        6,
        2,
        7,
        8,
        9,
        10,
        11,
        12,
        12,
        13,
        14,
        15,
        16,
        17,
        2,
        12,
        12,
        18,
        19,
        20
    ],
    "is_essential_text": [
        true,
        true,
        true,
        true,
        true,
        true
    ],
    "ocr": [
        "::?",
        "For the sake of the kou Empire !",
        "For the sake of the kou Empire !",
        "For the sake of the kou Empire !",
        "For the sake of the kou Empire !",
        "For the sake of the kou empire!"
    ],
    "character_names": [
        "Other",
        "Other",
        "ren",
        "Other",
        "Other",
        "Other",
        "Other",
        "ren",
        "Other",
        "Other",
        "Other",
        "Other",
        "Other",
        "alibaba",
        "alibaba",
        "Other",
        "Other",
        "Other",
        "Other",
        "Other",
        "ren",
        "alibaba",
        "alibaba",
        "Other",
        "Other",
        "Other"
    ]
}