{
    "panels": [
        [
            366.4462890625,
            -3.2084126472473145,
            823.4359130859375,
            516.3824462890625
        ],
        [
            4.861173629760742,
            -1.6021144390106201,
            370.9385681152344,
            521.89208984375
        ],
        [
            -0.5644314289093018,
            544.238525390625,
            820.6431884765625,
            900.80517578125
        ],
        [
            1.1000418663024902,
            922.5411987304688,
            823.6351318359375,
            1254.9674072265625
        ]
    ],
    "texts": [
        [
            682.9381713867188,
            108.93464660644531,
            804.7830810546875,
            157.9293212890625
        ],
        [
            387.7688293457031,
            344.7945556640625,
            515.193359375,
            436.32366943359375
        ],
        [
            242.02493286132812,
            336.9761657714844,
            324.3784484863281,
            430.78662109375
        ],
        [
            70.6330337524414,
            377.6337585449219,
            211.9508819580078,
            457.79815673828125
        ],
        [
            634.7437744140625,
            959.6723022460938,
            787.4099731445312,
            1084.3939208984375
        ],
        [
            140.06851196289062,
            955.2356567382812,
            253.4091796875,
            1077.525146484375
        ],
        [
            46.48908615112305,
            1084.4078369140625,
            152.2375030517578,
            1144.5855712890625
        ]
    ],
    "characters": [
        [
            429.3564453125,
            116.81990814208984,
            557.71728515625,
            295.9862365722656
        ],
        [
            405.69024658203125,
            1056.3685302734375,
            493.7366027832031,
            1255.709716796875
        ],
        [
            292.66778564453125,
            1008.7677001953125,
            399.06622314453125,
            1256.8602294921875
        ],
        [
            3.287609815597534,
            -2.233238458633423,
            364.9910583496094,
            510.2439880371094
        ],
        [
            509.4996337890625,
            152.81582641601562,
            783.707763671875,
            508.75958251953125
        ],
        [
            3.4016175270080566,
            547.854736328125,
            631.7500610351562,
            894.1749877929688
        ],
        [
            419.94146728515625,
            119.16950988769531,
            564.7310791015625,
            503.0632019042969
        ],
        [
            474.9708251953125,
            152.8509521484375,
            784.4319458007812,
            511.5708923339844
        ]
    ],
    "tails": [
        [
            714.092041015625,
            204.9860076904297,
            746.12646484375,
            242.03128051757812
        ],
        [
            404.6630554199219,
            251.70152282714844,
            434.5684509277344,
            298.8981018066406
        ],
        [
            125.71892547607422,
            295.72119140625,
            151.3040771484375,
            329.5264587402344
        ],
        [
            154.30178833007812,
            1104.8843994140625,
            208.547607421875,
            1143.2227783203125
        ]
    ],
    "text_character_associations": [
        [
            0,
            4
        ],
        [
            1,
            0
        ],
        [
            2,
            3
        ],
        [
            3,
            3
        ],
        [
            4,
            1
        ],
        [
            5,
            2
        ],
        [
            6,
            2
        ]
    ],
    "text_tail_associations": [
        [
            0,
            0
        ],
        [
            1,
            1
        ],
        [
            3,
            2
        ],
        [
            5,
            3
        ],
        [
            6,
            3
        ]
    ],
    "character_cluster_labels": [
        0,
        0,
        0,
        0,
        0,
        0,
        0,
        0
    ],
    "is_essential_text": [
        true,
        true,
        true,
        true,
        true,
        true,
        true
    ],
    "ocr": [
        "But why did they...",
        "Ah, that's because you're not a human.",
        "Since your Dad",
        "Is a Dragon",
        "According to your Dad, your body will start to change when you're 15.",
        "I didn't expect the horns to grow overnight though.",
        "Anyways, eat your breakfast."
    ],
    "character_names": [
        "mom",
        "mom",
        "mom",
        "mom",
        "mom",
        "mom",
        "mom",
        "mom"
    ]
}