{
    "panels": [
        [
            38.93354797363281,
            6.285754203796387,
            866.7643432617188,
            238.4341278076172
        ],
        [
            37.300472259521484,
            267.15411376953125,
            867.0120849609375,
            855.90966796875
        ],
        [
            494.07635498046875,
            892.4033203125,
            863.4722290039062,
            1258.8948974609375
        ],
        [
            39.566139221191406,
            890.5166015625,
            483.5780029296875,
            1256.43701171875
        ]
    ],
    "texts": [
        [
            779.8565673828125,
            83.00489807128906,
            863.3074340820312,
            124.5712661743164
        ],
        [
            655.2008056640625,
            95.861328125,
            754.2132568359375,
            171.38124084472656
        ],
        [
            613.284912109375,
            669.736328125,
            713.8472290039062,
            726.9346923828125
        ],
        [
            526.3904418945312,
            939.1793823242188,
            620.1622924804688,
            1005.0256958007812
        ],
        [
            713.6146240234375,
            1112.8128662109375,
            788.7091064453125,
            1177.861572265625
        ],
        [
            506.3460388183594,
            1111.880126953125,
            573.6820678710938,
            1187.8779296875
        ],
        [
            375.05340576171875,
            928.0958251953125,
            465.3379821777344,
            1004.5390625
        ],
        [
            132.5116424560547,
            1077.8629150390625,
            204.7340087890625,
            1118.7752685546875
        ],
        [
            67.94275665283203,
            956.2396240234375,
            131.00929260253906,
            1016.4411010742188
        ]
    ],
    "characters": [
        [
            661.9484252929688,
            948.6768798828125,
            861.0255126953125,
            1255.4111328125
        ],
        [
            193.12538146972656,
            314.11077880859375,
            648.822265625,
            853.1527099609375
        ],
        [
            577.8555297851562,
            1076.5340576171875,
            650.7857666015625,
            1226.95458984375
        ],
        [
            192.8759765625,
            966.5171508789062,
            299.2397155761719,
            1245.740234375
        ],
        [
            264.7640380859375,
            994.117431640625,
            477.7053527832031,
            1257.203125
        ],
        [
            241.415771484375,
            4.594564914703369,
            642.196044921875,
            235.5050506591797
        ],
        [
            737.4750366210938,
            1026.8232421875,
            860.4178466796875,
            1256.700927734375
        ]
    ],
    "tails": [
        [
            141.07687377929688,
            949.0061645507812,
            169.3447265625,
            973.9752807617188
        ],
        [
            572.6437377929688,
            1163.4512939453125,
            601.2628784179688,
            1192.104248046875
        ],
        [
            345.3508605957031,
            978.93603515625,
            375.60418701171875,
            1003.10546875
        ],
        [
            204.98492431640625,
            1112.640869140625,
            235.4066619873047,
            1138.0667724609375
        ],
        [
            672.7113037109375,
            1106.9132080078125,
            700.7968139648438,
            1139.400146484375
        ]
    ],
    "text_character_associations": [
        [
            0,
            5
        ],
        [
            1,
            5
        ],
        [
            2,
            1
        ],
        [
            3,
            2
        ],
        [
            4,
            0
        ],
        [
            5,
            2
        ],
        [
            6,
            3
        ],
        [
            7,
            4
        ],
        [
            8,
            3
        ]
    ],
    "text_tail_associations": [
        [
            4,
            4
        ],
        [
            5,
            1
        ],
        [
            6,
            2
        ],
        [
            7,
            3
        ],
        [
            8,
            0
        ]
    ],
    "character_cluster_labels": [
        0,
        1,
        0,
        0,
        0,
        2,
        3
    ],
    "is_essential_text": [
        true,
        true,
        true,
        true,
        true,
        true,
        true,
        true,
        true
    ],
    "ocr": [
        "Eh...?",
        "All of a sudden",
        "I grew horns",
        "Am I really human?",
        "Mom, about this...",
        "Oh, Mor- Ning Honey.",
        "This thing on my head ...",
        "It's horns.",
        "You know this?"
    ],
    "character_names": [
        "ruri",
        "ruri",
        "ruri",
        "ruri",
        "ruri",
        "Other",
        "teacher"
    ]
}